responid,age,gender,edu,income,marital,consumption_rate,patronage_arbys,patronage_burgerking,patronage_mcd,patronage_subway,patronage_wendys,rating_arbys,rating_burgerking,rating_mcd,rating_subway,rating_wendys
3,2,2,3,1,2,1,3,3,3,2,3,,,,7,
4,2,1,3,1,1,4,2,1,2,1,2,7,1,3,5,1
5,2,2,3,1,2,10,1,1,3,1,1,5,5,,6,5
6,2,2,4,8,1,15,4,1,1,1,3,,6,7,4,
7,2,2,2,2,1,3,2,2,2,1,1,8,7,7,9,8
8,2,2,3,1,1,20,1,1,1,1,1,8,7,7,9,8
10,2,2,3,8,1,28,3,1,2,1,1,,8,2,9,8
11,2,2,3,2,1,25,1,1,1,1,1,3,8,4,7,5
12,2,2,3,6,1,2,3,3,3,3,3,,,,,
13,2,2,3,3,1,5,3,3,1,1,3,,,6,8,
14,2,1,3,1,1,7,4,3,3,1,1,,,,6,7
15,2,2,3,2,2,35,,,1,1,,,,6,9,
18,2,1,3,8,1,5,,,,,,,,,,
20,2,2,2,5,1,3,4,2,1,3,2,,9,10,,5
21,2,2,1,2,1,2,4,2,1,2,3,,8,10,9,
22,2,2,4,3,1,1,3,2,2,1,3,,7,7,9,
23,2,1,3,8,1,10,,,1,1,1,,,3,7,6
24,2,2,3,2,2,10,3,2,1,2,2,,9,7,8,8
25,2,2,3,1,1,30,2,1,1,2,1,10,2,9,9,10
26,2,2,3,1,1,10,4,1,3,2,3,,10,,7,
28,2,2,3,1,2,5,2,1,1,1,2,10,5,5,6,8
29,2,2,2,2,2,2,2,1,1,3,3,6,8,7,,
30,2,2,4,2,2,12,1,3,2,1,2,10,,4,10,10
31,2,2,3,8,1,4,,,,,,,,,,
32,2,2,2,2,1,6,,,1,,,,,8,,
33,2,2,3,1,1,4,,1,,,,,8,,,
34,2,2,3,3,1,4,,,1,1,,,,6,6,
35,2,2,3,1,3,4,3,3,2,3,3,,,5,,
37,2,2,1,2,1,6,3,3,1,1,1,,,6,8,7
38,2,2,4,3,1,10,2,2,1,2,2,8,7,9,7,9
39,2,2,3,2,1,6,1,1,1,1,2,8,7,9,9,8
41,2,2,4,4,2,17,1,1,3,1,1,7,6,,4,5
42,2,2,3,4,2,8,3,2,1,3,1,,8,5,,8
43,2,1,5,1,2,6,3,3,1,3,3,,,6,,
44,2,2,4,5,1,3,4,3,1,3,1,,,8,,7
45,2,2,3,8,1,2,4,1,2,1,3,,8,3,7,
46,2,2,3,8,3,7,2,1,2,1,2,5,6,7,7,6
47,2,2,3,8,1,2,3,2,2,2,3,,6,4,6,
48,2,2,4,2,1,18,2,1,1,1,2,8,7,7,9,6
49,2,2,4,1,1,2,1,1,1,3,3,8,4,8,,
50,2,2,3,2,1,16,2,1,1,1,1,6,6,7,4,7
52,2,2,4,2,1,4,4,3,1,1,3,,,9,10,
54,2,2,4,3,1,8,2,2,1,2,1,9,5,9,7,8
55,2,2,3,3,2,4,3,3,1,1,1,,,8,10,8
56,2,2,3,3,2,3,2,3,1,3,1,6,,9,,8
57,2,2,5,3,2,30,,1,1,,,,6,4,,
58,2,2,3,1,1,5,2,1,3,3,3,8,6,,,
59,2,2,4,8,2,36,3,1,1,2,3,,7,8,9,
60,2,2,3,8,1,2,3,3,2,1,1,,,8,8,8
63,2,2,3,2,2,4,3,2,1,1,2,,8,7,9,8
64,2,1,3,3,1,2,,,,,,,,,,
65,2,1,3,3,1,2,3,2,2,1,1,,6,4,9,4
66,2,2,2,8,1,10,,,1,2,,,,8,7,
68,2,2,3,1,1,25,4,3,1,1,3,,,7,5,
69,4,2,5,2,2,8,,,1,,,,,5,,
70,2,2,2,1,1,12,1,1,1,1,2,10,2,6,9,7
71,2,2,3,4,1,10,4,3,2,3,3,,,5,,
74,2,2,3,8,1,2,3,2,1,3,2,,6,6,,6
75,2,1,4,2,1,8,2,1,1,1,2,4,4,5,8,2
76,2,2,3,2,2,2,,1,,,,,6,,,
77,2,2,3,1,2,4,3,3,1,1,1,,,9,10,9
78,3,2,4,3,1,5,1,2,1,1,2,9,7,9,9,7
79,2,2,2,2,1,5,,,,,,,,,,
80,2,2,4,3,1,10,2,1,1,1,1,4,5,7,9,5
82,2,2,2,3,1,10,1,1,1,1,1,8,6,6,5,8
83,2,2,2,4,1,3,3,3,3,3,,,,,,
87,2,2,3,8,1,2,3,2,1,3,1,,3,8,,8
88,2,2,3,3,1,4,2,3,2,3,3,8,,7,,
89,2,2,3,1,1,4,3,3,1,1,3,,,8,8,
90,2,2,2,2,1,6,2,2,2,1,1,8,7,8,10,6
91,2,2,3,8,1,3,2,2,1,3,1,8,8,8,,9
92,2,2,3,5,1,15,1,1,,,1,7,7,,,7
93,2,2,2,2,1,10,2,2,2,1,2,8,9,5,10,7
94,2,2,5,1,1,5,3,1,1,3,1,,5,5,,5
95,2,2,3,2,1,5,1,3,2,3,2,6,,3,,4
96,2,1,3,1,1,10,3,1,,1,2,,10,,5,5
97,2,2,4,2,2,4,3,3,1,3,3,,,10,,
99,2,1,3,5,1,15,,,,2,,,,,8,
100,2,1,3,2,1,3,3,1,1,1,3,,9,3,10,
101,2,1,3,3,1,8,1,2,2,1,1,8,8,8,8,10
103,2,1,3,2,1,10,4,1,1,2,2,,8,8,3,3
104,2,2,3,2,1,5,4,3,2,3,1,,,7,,9
105,2,2,3,2,1,10,1,2,1,1,1,8,4,4,5,8
106,2,2,3,8,1,1,3,2,2,2,1,,8,6,7,9
107,2,2,3,2,2,3,1,3,3,2,1,10,,,9,9
108,2,2,3,3,1,8,1,1,1,1,1,10,7,9,9,8
109,2,1,3,1,3,5,,,1,1,,,,3,5,
110,2,2,2,2,1,2,,1,1,,,,6,6,,
111,2,2,3,1,2,2,3,3,3,2,2,,,,10,10
112,2,1,3,8,1,12,2,1,2,2,1,9,7,6,8,9
113,2,2,3,1,1,2,2,3,1,1,3,7,,3,10,
114,2,2,4,5,1,2,3,3,1,2,2,,,7,7,7
115,2,2,2,2,2,6,1,1,1,1,1,6,8,7,10,10
116,2,2,4,8,1,2,3,1,2,1,2,,5,2,9,9
117,2,1,3,4,1,12,,,,,,,,,,
118,2,2,3,6,1,8,,1,1,1,1,,6,6,5,9
119,2,2,3,2,1,8,3,1,2,1,2,,8,6,10,7
121,2,2,4,1,1,3,4,3,2,3,3,,,6,,
122,2,2,2,2,1,10,3,1,1,1,1,,2,9,8,7
123,2,2,4,2,2,10,,1,1,,1,,7,3,,3
125,2,1,3,2,1,1,,,,,,,,,,
126,2,2,2,1,2,5,2,3,1,3,2,6,,6,,8
127,2,2,3,8,1,40,,,,,1,,,,,7
129,2,2,3,1,1,10,3,1,1,1,1,,5,5,5,5
130,2,2,3,7,1,8,2,1,1,1,1,5,5,6,7,5
133,2,2,3,3,1,3,3,2,1,1,2,,8,6,9,8
134,2,1,3,4,1,1,3,3,2,3,3,,,6,,
136,2,2,3,2,1,5,4,3,2,3,1,,,7,,8
138,2,2,3,1,1,3,2,2,2,2,1,8,7,5,8,8
139,2,1,4,6,1,8,3,3,3,1,2,,,,7,8
140,2,2,4,2,1,8,3,2,1,1,3,,10,8,9,
141,2,2,3,5,1,4,2,3,2,3,2,9,,3,,6
142,2,1,3,2,1,10,3,1,2,1,1,,1,1,5,2
143,2,2,3,1,1,3,2,3,3,1,2,6,,,7,5
144,2,2,5,1,1,20,4,3,1,1,3,,,4,7,
145,2,2,4,1,1,5,,,1,,,,,7,,
146,2,2,4,1,1,3,3,1,1,2,3,,7,7,8,
147,2,2,3,2,2,1,2,2,2,4,2,8,4,7,,9
148,2,2,4,3,1,1,4,3,3,3,3,,,,,
149,2,2,3,8,1,20,3,3,1,2,3,,,5,10,
150,2,2,4,2,1,6,1,2,1,1,1,8,4,6,9,9
151,2,2,2,3,1,3,2,3,3,2,1,9,,,10,8
152,2,2,3,3,2,15,,1,1,1,,,5,5,9,
153,2,2,3,2,2,15,,,1,1,1,,,8,9,8
155,2,2,3,1,2,2,,,1,,,,,5,,
156,2,2,2,2,1,8,3,2,1,1,2,,4,9,10,4
158,2,1,1,3,1,35,1,1,1,1,1,6,4,2,10,2
159,2,2,3,8,1,1,,,,,1,,,,,6
160,2,1,3,5,1,8,3,2,1,1,3,,10,8,10,
161,2,2,4,3,1,3,3,3,3,1,2,,,,6,4
162,3,1,4,4,2,10,1,1,1,1,1,10,10,10,10,10
164,2,2,3,1,1,20,3,1,1,1,2,,10,9,8,8
166,2,1,3,2,1,10,1,2,1,1,4,9,2,2,8,
167,2,2,2,4,1,4,3,2,1,3,3,,7,7,,
168,2,2,3,5,1,1,,,,1,,,,,4,
169,2,1,4,2,1,10,1,1,1,1,1,10,7,6,9,8
170,2,1,3,5,1,4,3,1,2,3,1,,8,6,,8
171,2,1,3,8,1,2,3,3,3,3,3,,,,,
172,2,2,2,2,2,10,3,1,1,2,2,,2,7,3,6
173,2,2,3,2,1,23,3,2,1,1,1,,5,7,9,8
174,2,2,4,2,1,20,2,3,1,2,1,9,,9,9,10
175,2,2,3,4,1,8,3,1,1,3,3,,5,3,,
176,2,2,3,1,1,5,1,2,1,1,1,5,5,5,5,5
177,2,1,5,8,1,5,,1,,,,,7,,,
178,2,2,3,1,2,6,2,2,1,3,3,9,7,2,,
179,2,2,3,2,1,10,1,1,1,2,1,7,10,9,9,9
180,2,2,4,4,2,20,1,,,1,1,5,,,5,5
181,2,2,3,1,1,4,4,3,3,1,3,,,,9,
182,2,2,2,2,2,10,,1,,,,,10,,,
184,2,2,3,2,1,8,3,2,1,1,2,,8,9,9,8
185,2,2,3,1,2,17,,1,1,1,1,,8,3,10,8
186,2,2,2,8,1,14,1,1,1,1,1,8,7,4,8,8
187,2,1,4,2,1,10,1,1,1,3,1,7,7,7,,7
188,2,2,4,2,2,6,2,1,1,2,1,7,7,2,7,8
189,2,2,3,1,1,5,3,3,3,3,3,,,,,
190,2,2,3,8,1,4,,,1,1,,,,8,7,
192,2,2,4,2,2,40,1,1,1,1,1,9,8,6,7,6
193,2,2,3,3,2,10,3,3,1,3,3,,,5,,
195,2,1,3,2,1,8,1,3,2,1,1,7,,2,6,7
196,2,2,2,2,2,6,,1,1,1,,,4,6,7,
197,2,1,3,2,2,8,2,1,1,1,1,8,10,7,6,9
198,2,2,3,3,2,20,3,3,1,2,1,,,9,8,9
200,2,1,3,2,2,3,3,1,2,3,3,,7,4,,
201,2,2,3,1,1,2,,1,1,3,2,,9,9,,9
202,2,2,4,2,1,2,3,3,1,1,3,,,6,7,
203,2,2,4,5,1,15,1,1,1,1,1,7,7,4,7,7
204,2,2,4,2,1,7,3,3,1,1,1,,,7,8,6
205,2,2,4,2,2,15,3,1,2,1,2,,7,7,9,5
207,2,2,3,2,2,15,,1,,,1,,10,,,10
208,2,2,4,1,1,15,,,1,,,,,5,,
210,2,1,3,8,1,13,1,1,2,1,1,5,7,5,9,9
212,2,1,3,8,1,4,,1,,,1,,10,,,10
214,2,1,3,2,1,3,3,3,3,2,1,,,,9,10
216,2,1,3,1,1,4,2,3,3,2,1,7,,,9,7
217,2,2,3,2,1,4,3,1,1,1,1,,6,4,7,6
218,2,2,3,1,2,10,1,1,1,2,1,8,9,10,7,9
220,2,1,3,1,1,10,1,1,2,2,2,5,7,7,6,7
221,2,2,2,4,2,4,3,1,1,3,2,,9,8,,9
222,2,2,2,1,1,5,,,1,,1,,,6,,7
223,2,2,4,1,1,12,1,1,1,,,6,4,6,,
224,2,2,3,3,1,6,,,1,1,1,,,7,8,10
226,2,2,3,3,2,3,2,2,1,4,2,8,8,8,,8
227,2,2,4,2,2,4,1,1,3,1,2,10,10,,10,10
229,2,2,2,2,1,1,4,3,2,2,3,,,7,10,
230,2,2,4,2,2,12,1,2,1,3,1,10,8,9,,9
232,2,1,3,2,1,12,2,1,1,1,,8,9,9,10,
233,2,2,3,3,1,4,3,1,1,1,1,,8,8,8,8
235,2,2,3,2,2,10,,,1,1,,,,5,6,
236,2,2,4,1,1,12,4,2,3,3,3,,7,,,
237,2,2,4,8,1,2,3,2,1,3,3,,9,9,,
238,2,2,3,4,1,2,3,1,1,2,2,,7,7,9,7
240,2,2,2,2,2,3,,2,2,2,1,,4,5,6,10
241,4,2,3,4,2,3,2,2,1,1,3,8,4,7,6,
242,2,2,4,2,1,3,3,2,1,3,1,,8,10,,10
244,2,1,4,1,1,3,3,3,1,1,3,,,8,9,
245,2,2,1,2,1,3,2,3,1,2,1,9,,8,8,9
247,2,1,4,4,2,10,,1,1,1,,,5,5,9,
248,2,2,3,1,1,10,1,1,1,2,2,8,8,6,8,8
249,2,2,3,1,2,15,1,1,1,1,1,10,10,10,10,10
250,2,2,5,3,2,5,2,1,3,3,1,7,8,,,9
251,2,1,2,2,2,1,3,3,3,2,2,,,,7,6
252,2,1,3,8,1,4,1,2,1,2,2,7,4,6,8,9
253,2,2,3,5,1,4,3,2,1,1,3,,7,7,9,
254,2,2,3,8,1,2,3,3,2,2,1,,,5,5,5
256,2,2,3,8,2,6,1,3,1,1,2,5,,10,10,10
257,2,1,3,3,1,2,,,,,,,,,,
258,2,2,3,2,2,3,3,3,1,3,3,,,6,,
259,3,2,3,3,1,6,,1,1,1,,,8,8,8,
260,2,2,3,3,2,56,1,1,1,1,1,7,8,5,8,9
262,2,2,3,1,1,4,4,1,1,1,2,,7,6,8,9
263,5,2,3,8,2,5,3,2,1,1,1,,5,1,10,10
264,2,2,3,8,1,10,,1,1,2,1,,8,5,7,8
265,2,2,3,2,1,15,3,4,4,1,1,,,,8,5
266,2,1,3,1,1,8,,,1,,1,,,8,,9
267,2,2,4,8,1,4,3,3,1,1,3,,,3,5,
268,2,2,2,8,1,5,1,3,3,1,1,9,,,8,9
269,2,2,4,3,2,3,4,1,3,4,3,,7,,,
270,2,2,4,5,1,30,3,2,3,1,1,,4,,8,9
273,2,2,3,1,2,4,,1,1,1,2,,6,5,9,6
274,2,1,5,5,2,8,3,1,3,1,1,,7,,6,9
277,2,1,4,2,1,20,3,1,3,1,1,,6,,5,6
278,2,2,4,3,1,4,,,1,1,,,,7,8,
279,2,2,4,2,1,20,1,2,1,1,2,8,6,6,9,6
280,2,1,4,3,1,20,3,1,1,1,1,,6,5,5,7
281,2,2,3,1,1,12,1,1,1,1,1,9,6,6,9,7
282,2,2,3,1,1,3,3,3,1,3,3,,,8,,
283,2,1,3,8,1,2,,1,2,1,2,,7,5,7,7
285,2,2,3,1,1,2,3,3,3,3,3,,,,,
286,2,2,3,3,1,8,3,1,1,3,1,,7,7,,8
287,2,2,3,1,1,4,1,2,2,1,1,9,9,9,10,8
288,2,1,3,1,1,5,,1,1,,,,10,10,,
289,2,2,2,4,2,10,3,1,1,2,2,,8,6,6,8
290,2,2,3,3,2,10,1,2,1,1,1,9,9,9,10,10
291,2,2,3,1,1,3,,3,3,1,1,,,,9,6
292,2,1,3,2,1,4,,2,2,,,,7,4,,
293,2,2,3,2,1,4,2,,1,3,1,7,,7,,6
295,2,1,5,1,1,10,,2,1,2,1,,9,8,4,6
296,2,2,3,1,1,8,1,1,1,1,1,8,8,8,10,10
297,2,2,4,8,1,1,3,1,2,2,3,,8,6,6,
298,2,2,2,1,1,15,3,2,1,1,1,,3,6,8,7
299,2,2,3,4,2,14,2,3,3,1,3,7,,,10,
300,2,1,4,1,2,12,1,1,1,1,1,8,10,6,9,9
302,2,1,3,8,1,3,4,4,3,1,3,,,,8,
304,2,2,4,2,2,3,3,3,2,2,1,,,4,8,7
305,2,1,2,2,2,20,1,1,2,1,1,9,3,1,6,5
306,2,2,4,4,1,10,4,1,3,1,2,,7,,10,5
308,2,2,2,1,2,6,3,3,3,3,3,,,,,
309,2,1,1,6,1,8,3,1,1,2,1,,9,7,8,8
311,2,2,3,1,1,5,2,2,1,1,1,7,3,8,8,9
313,2,1,4,4,1,14,3,3,2,2,3,,,2,5,
314,2,2,2,3,1,8,2,3,2,1,1,5,,5,5,8
315,2,1,3,1,1,4,3,3,2,1,2,,,7,8,7
316,2,2,3,2,1,2,,1,,,,,4,,,
317,2,1,3,4,1,10,3,2,1,1,2,,7,7,8,8
319,2,2,3,8,1,15,3,1,1,1,1,,8,8,8,8
320,2,2,3,1,1,3,3,3,1,2,3,,,7,9,
321,2,2,3,3,2,6,2,1,1,1,2,9,8,7,10,8
322,2,1,2,5,1,2,2,3,2,1,1,6,,6,8,8
323,2,1,3,3,1,14,2,1,3,2,1,8,9,,8,7
324,2,1,1,4,1,3,,1,,3,1,,9,,,10
325,2,2,1,8,1,10,2,2,1,1,2,8,4,5,7,6
327,2,2,3,2,1,3,3,2,2,1,1,,7,8,9,8
329,2,2,2,1,1,1,4,3,2,4,3,,,6,,
330,2,2,1,4,1,6,3,3,1,1,1,,,3,10,9
333,2,2,3,2,1,4,3,2,1,1,1,,8,8,8,7
334,2,2,4,1,3,4,2,2,1,1,2,9,6,6,10,4
335,4,2,3,1,1,2,3,2,2,3,1,,7,3,,9
337,2,2,2,2,2,10,2,2,1,1,2,6,8,8,9,7
338,2,2,3,1,2,6,2,1,1,1,2,9,9,9,10,9
339,2,2,3,4,1,3,1,3,1,3,1,7,,5,,7
341,2,1,3,3,1,5,2,2,1,1,1,7,7,8,8,8
343,2,2,4,1,2,3,2,2,1,3,3,3,7,9,,
344,2,2,4,2,2,8,3,2,2,1,1,,7,2,9,8
345,2,1,3,4,1,4,2,2,1,1,2,7,7,5,10,9
347,2,2,3,4,1,3,3,2,2,1,1,,8,4,9,10
349,2,2,5,1,1,4,3,3,1,1,1,,,7,9,8
350,2,2,3,6,1,20,3,2,1,3,1,,7,9,,6
352,2,2,2,1,2,4,,2,2,,,,8,8,,
353,2,1,3,4,1,5,3,1,1,2,1,,6,6,3,5
354,2,2,4,1,1,20,3,1,1,1,1,,6,6,6,6
355,2,2,1,2,1,4,3,3,3,3,3,,,,,
356,2,2,3,8,1,3,,1,,,,,7,,,
357,2,2,3,1,1,10,3,1,1,2,2,,8,8,8,8
362,2,2,3,8,1,3,3,3,1,1,3,,,7,8,
363,2,2,3,4,1,20,1,1,1,2,1,8,7,6,8,8
364,2,2,2,4,2,3,,1,1,1,3,,7,6,10,
367,2,2,3,3,1,4,,,,1,,,,,10,
368,2,2,3,2,1,2,3,1,2,2,3,,7,4,8,
369,2,2,4,2,1,5,4,3,1,4,2,,,7,,9
370,2,2,5,4,1,4,3,3,1,2,1,,,5,8,8
371,6,2,3,3,2,15,3,1,1,1,1,,7,7,9,9
372,2,2,3,8,1,12,3,3,3,1,1,,,,9,7
373,2,2,2,8,1,4,3,2,1,4,2,,7,8,,6
375,2,1,3,1,1,6,3,1,1,1,1,,9,8,7,8
377,2,2,2,2,2,1,,1,,,,,9,,,
378,2,2,4,8,2,7,2,1,1,1,3,8,6,6,9,
379,2,2,2,4,1,25,4,1,1,1,1,,10,9,10,10
380,2,2,2,1,2,3,1,3,3,1,2,7,,,9,6
381,2,2,3,8,1,6,4,3,3,3,3,,,,,
382,2,2,3,1,1,5,4,1,1,2,2,,9,6,7,9
383,2,2,3,8,1,10,3,1,1,2,3,,8,3,8,
384,2,1,2,3,1,10,3,1,2,3,1,,9,8,,9
385,2,2,3,1,1,2,4,3,3,4,2,,,,,7
386,2,2,3,1,1,5,4,3,2,2,3,,,6,5,
389,2,2,4,1,1,5,,,1,2,,,,7,8,
390,2,1,3,8,1,15,,,1,1,1,,,4,7,10
392,2,2,4,3,2,8,,1,1,1,,,5,5,5,
394,2,2,2,1,1,25,2,3,1,2,2,5,,4,7,7
397,2,2,4,1,1,4,3,1,2,1,2,,6,6,9,7
399,2,1,3,8,1,4,1,2,1,1,2,7,6,6,8,6
400,4,2,2,3,2,4,3,3,1,3,3,,,7,,
402,2,2,3,2,2,15,2,2,1,1,3,5,6,8,8,
404,2,2,4,2,2,4,2,2,1,1,1,6,6,6,9,7
405,2,1,3,2,1,12,3,1,1,1,3,,7,7,3,
406,2,1,3,1,1,16,,1,1,,1,,5,5,,8
407,6,1,3,4,2,4,2,1,2,3,1,9,9,8,,10
409,2,2,3,5,1,8,3,3,1,1,2,,,6,7,6
410,2,1,2,1,1,2,4,3,1,4,1,,,7,,10
411,2,2,2,2,1,26,1,1,1,1,1,7,9,1,10,10
412,2,1,3,1,1,10,,,,,,,,,,
413,2,2,3,2,1,7,4,3,3,3,3,,,,,
414,2,1,3,5,1,5,2,1,1,1,1,6,9,8,9,10
415,2,2,2,2,2,4,3,2,1,1,2,,8,8,7,8
416,2,2,4,1,1,4,3,3,2,3,2,,,6,,7
418,2,2,3,3,1,4,1,2,2,1,1,8,4,3,7,7
419,2,2,2,8,1,5,2,3,2,1,2,2,,2,4,6
420,2,1,3,1,1,8,1,3,1,3,2,7,,7,,8
422,2,2,3,1,2,15,2,3,1,1,2,10,,7,7,7
423,2,2,3,1,1,12,3,1,1,2,3,,10,8,8,
424,2,2,3,5,1,3,1,,1,,1,7,,6,,8
425,2,2,3,8,1,2,3,2,2,3,3,,7,8,,
426,2,2,3,1,1,15,2,3,1,1,2,7,,5,8,7
427,2,2,2,2,1,7,3,3,2,3,1,,,5,,7
428,2,2,2,1,2,15,3,1,1,2,1,,7,6,9,7
429,2,1,3,2,1,16,4,3,2,1,1,,,8,8,9
430,2,2,4,3,1,15,1,1,1,2,1,6,7,7,3,10
431,2,2,2,2,2,4,,,1,,1,,,4,,7
432,2,1,1,3,1,20,2,1,1,4,1,7,6,8,,8
433,2,2,4,2,1,12,2,1,3,1,1,9,9,,6,9
434,2,2,3,1,2,8,2,1,1,1,3,5,7,7,9,
435,2,2,3,1,1,4,3,3,1,3,3,,,9,,
436,2,2,3,1,1,10,,1,2,,2,,10,9,,10
437,2,1,3,2,1,12,2,1,1,1,1,5,6,7,7,4
438,2,1,3,1,1,4,3,3,1,1,3,,,9,10,
440,2,2,3,2,2,8,3,2,1,2,2,,10,8,9,10
441,2,2,3,1,1,10,3,3,1,1,2,,,3,9,8
442,2,2,3,1,1,2,3,1,4,3,3,,3,,,
443,2,1,2,1,2,7,3,2,1,3,1,,9,9,,8
445,2,2,3,2,1,4,2,2,1,3,1,10,10,8,,10
448,2,2,1,8,1,15,,,1,1,,,,8,9,
449,2,2,4,2,1,3,3,3,3,1,2,,,,7,7
450,2,2,4,2,1,3,3,1,1,2,1,,9,7,8,9
451,2,2,3,5,1,20,3,2,3,1,1,,8,,9,9
452,2,2,3,2,1,2,4,2,3,1,2,,5,,10,8
453,2,2,3,1,1,3,4,3,1,4,3,,,5,,
454,2,2,2,2,2,6,,,1,,,,,9,,
455,2,2,4,1,1,14,1,1,1,1,2,8,7,7,9,5
456,2,2,3,1,1,12,2,2,1,1,1,8,8,8,8,7
457,2,2,3,1,2,3,3,1,1,1,3,,8,8,8,
458,2,2,2,2,2,5,1,3,1,1,3,8,,9,8,
459,2,1,1,4,1,2,1,2,1,1,2,8,4,5,5,7
460,2,2,3,8,1,3,1,1,1,1,1,9,6,4,8,7
461,2,2,2,3,1,15,2,3,1,3,1,9,,7,,4
462,2,2,3,1,1,20,3,1,1,2,1,,6,5,8,8
463,2,2,3,2,1,4,3,1,1,2,3,,5,3,7,
464,2,1,1,8,1,2,3,3,1,3,3,,,4,,
467,5,2,4,3,2,5,1,1,1,2,1,8,8,7,8,8
468,2,2,4,5,1,4,2,2,2,1,2,8,7,7,10,7
469,2,2,2,8,1,10,3,1,1,3,2,,10,10,,10
470,2,2,3,8,1,4,3,1,1,1,2,,4,4,5,4
472,5,1,5,4,2,16,1,3,3,1,3,8,,,5,
474,3,2,4,5,2,4,3,2,3,3,1,,6,,,9
475,6,2,3,2,2,5,2,3,1,3,3,8,,4,,
476,6,2,4,4,2,3,,,,1,,,,,7,
478,4,2,4,2,2,2,3,2,1,2,3,,8,7,8,
479,4,2,2,1,1,1,4,4,4,2,3,,,,7,
482,3,2,4,2,1,1,3,3,3,3,2,,,,,7
483,2,2,4,2,1,6,3,3,3,1,3,,,,8,
485,2,1,2,3,1,2,3,3,2,2,2,,,5,7,7
486,5,2,3,3,2,3,3,1,2,2,2,,8,7,7,7
487,5,2,4,4,1,1,3,3,2,1,3,,,7,7,
488,4,2,3,2,1,15,1,1,1,1,1,8,6,7,10,7
489,3,2,4,2,1,8,3,3,1,2,1,,,6,3,9
490,3,2,3,2,1,6,1,1,2,2,2,8,7,7,10,8
491,2,2,5,8,1,25,1,2,1,2,1,9,6,5,6,8
492,2,2,3,2,2,10,2,2,2,1,3,5,5,5,10,
493,3,2,4,3,2,3,3,1,1,1,1,,9,9,10,9
494,6,2,4,2,1,20,1,1,1,1,1,7,4,8,10,9
497,5,2,3,2,1,4,,1,,,,,5,,,
498,6,2,4,2,1,12,1,2,1,1,1,9,6,8,9,8
500,5,2,4,8,2,4,2,1,1,3,1,5,5,8,,9
502,3,2,4,8,2,3,4,1,1,3,3,,10,10,,
503,2,2,3,4,2,2,,1,1,,,,5,5,,
504,5,2,2,4,2,8,4,1,2,2,1,,8,6,6,9
506,5,2,4,2,1,3,3,1,1,2,1,,5,6,8,8
507,4,2,4,5,2,12,1,2,1,1,2,8,7,8,8,8
508,4,2,6,8,3,7,3,1,3,2,3,,9,,10,
510,4,2,3,8,2,4,3,3,2,2,3,,,4,6,
511,6,2,4,3,2,1,3,1,3,1,3,,5,,10,
512,2,2,3,1,1,4,,,1,,1,,,6,,4
513,3,1,5,1,1,25,,1,1,1,1,,8,8,8,1
514,4,2,4,8,2,8,3,3,1,2,1,,,4,4,4
515,4,2,2,3,2,15,1,1,1,1,1,7,7,4,7,9
517,3,2,4,2,1,5,1,2,2,2,2,8,6,6,9,7
518,3,2,4,2,2,10,1,3,2,2,2,10,,10,10,10
520,2,2,4,8,1,15,,,2,2,2,,,7,8,7
521,4,2,2,3,2,9,2,3,3,1,1,7,,,9,9
522,5,2,3,7,2,10,,1,1,,,,3,6,,
523,5,2,4,3,2,3,3,3,2,3,1,,,7,,7
524,6,2,2,2,1,10,3,1,1,2,2,,9,8,4,7
526,4,2,4,2,1,10,1,3,2,1,1,7,,5,7,6
527,6,1,4,4,2,4,3,1,1,1,1,,9,8,8,9
528,6,2,5,4,2,5,,1,1,1,,,8,5,8,
529,2,2,3,1,2,3,1,1,2,1,1,7,6,4,9,8
530,6,2,3,2,2,2,4,3,3,3,3,,,,,
531,3,2,4,3,2,10,2,2,1,1,2,7,5,9,8,5
532,5,2,3,4,2,8,1,1,1,1,1,9,6,4,9,7
534,6,2,2,5,2,2,,,,1,,,,,8,
537,4,2,3,3,2,4,3,3,3,1,2,,,,10,6
538,6,2,4,8,2,6,3,1,2,4,1,,4,5,,9
539,2,2,3,2,2,6,,,,,1,,,,,9
540,4,2,2,2,2,10,1,3,1,1,2,10,,8,10,10
541,4,2,4,4,2,4,1,1,1,3,1,9,8,6,,9
542,2,2,4,3,2,20,3,2,1,1,1,,3,8,8,8
544,4,2,4,8,2,2,3,3,3,3,2,,,,,10
546,6,2,3,3,2,20,3,1,1,1,1,,7,7,6,8
547,3,2,5,4,2,15,2,1,1,1,1,4,8,7,9,9
548,2,2,3,3,2,2,,,,1,,,,,8,
550,6,2,3,2,2,3,4,3,2,3,4,,,8,,
551,2,2,4,3,2,1,3,3,3,1,2,,,,8,6
552,2,2,4,2,1,8,3,3,1,2,1,,,5,7,8
554,6,2,2,4,2,8,,,,,1,,,,,7
558,2,2,4,3,1,1,4,1,3,2,3,,4,,8,
559,3,2,4,4,1,3,4,3,3,2,1,,,,10,9
561,5,2,3,2,1,5,3,1,1,1,1,,5,5,6,5
562,2,2,4,1,1,5,4,3,2,2,2,,,7,7,8
566,2,2,4,2,1,4,3,3,1,2,2,,,9,6,6
567,4,2,3,5,2,2,3,3,3,3,3,,,,,
569,5,1,5,3,2,8,1,1,3,1,1,6,5,,6,6
570,4,2,4,2,2,3,3,2,1,2,2,,8,8,9,9
575,5,2,3,8,2,4,2,3,3,3,1,6,,,,8
576,2,2,3,1,2,5,3,3,1,2,3,,,6,8,
577,6,2,4,3,1,3,,,,1,,,,,7,
578,6,2,3,2,1,16,3,2,2,2,1,,6,4,4,3
579,4,2,5,3,2,8,1,1,1,,,10,5,5,,
580,5,1,2,4,2,8,2,2,1,1,1,6,5,8,7,7
582,4,1,5,3,1,2,2,3,1,3,1,6,,5,,8
583,2,2,4,2,1,4,3,3,1,1,3,,,5,5,
586,4,2,2,1,2,5,2,4,1,2,3,6,,8,7,
587,4,2,3,2,2,5,1,1,1,3,1,8,8,8,,8
588,3,2,4,5,2,4,,1,1,,,,7,7,,
590,2,2,4,2,2,10,3,4,3,1,3,,,,7,
591,3,2,4,3,1,6,3,1,1,3,2,,8,5,,6
594,5,2,3,3,2,10,1,2,1,3,1,8,8,8,,8
595,4,2,4,5,2,3,1,2,1,3,1,7,5,4,,7
596,3,2,3,4,1,7,3,1,1,1,1,,6,5,6,6
597,5,2,3,8,2,10,1,1,,1,1,6,10,,5,5
598,2,2,4,4,2,4,,,,,,,,,,
599,4,2,2,2,2,3,,,1,,,,,7,,
601,5,2,4,2,1,6,3,1,1,1,1,,8,8,1,9
602,2,2,4,2,1,25,1,2,1,4,2,9,6,8,,7
604,4,2,4,1,1,20,1,1,3,2,1,6,7,,6,8
605,3,2,4,8,2,2,3,1,1,1,2,,8,9,9,7
606,6,1,4,6,2,4,3,3,2,3,1,,,6,,7
607,3,2,3,6,2,1,3,3,1,3,3,,,3,,
608,5,2,3,3,1,3,3,3,3,3,1,,,,,7
609,2,2,3,8,1,10,2,2,1,1,2,8,7,7,9,7
610,6,2,4,3,1,2,3,3,3,1,1,,,,7,8
613,4,2,5,2,2,4,4,1,1,2,3,,8,9,6,
614,6,1,3,3,2,8,3,1,1,2,1,,7,7,6,7
615,4,2,4,2,2,2,,4,4,2,4,,,,9,
616,2,2,3,1,1,2,3,2,2,3,3,,1,6,,
617,5,2,3,2,2,2,1,3,3,2,3,7,,,7,
618,3,2,4,1,1,3,3,1,1,3,1,,8,6,,8
621,2,1,3,1,1,4,3,2,3,3,2,,7,,,7
622,4,2,3,1,2,5,3,1,1,3,3,,8,8,,
625,6,1,3,3,1,25,1,3,1,3,1,6,,8,,7
626,5,2,4,2,1,7,3,2,1,3,2,,5,5,,5
627,2,2,2,8,1,6,,,1,,1,,,9,,7
628,5,2,4,2,1,10,3,1,1,3,1,,5,10,,10
629,3,2,5,2,1,20,2,2,1,2,2,2,6,10,7,5
630,6,2,4,3,2,8,3,1,1,1,2,,8,8,8,8
631,4,2,3,3,2,20,,1,1,1,,,9,9,10,
632,3,2,4,2,2,6,1,1,1,1,1,6,4,4,6,7
633,6,2,4,2,1,6,,,1,,1,,,8,,8
634,4,2,3,2,1,8,3,1,1,2,1,,7,7,7,8
635,2,2,3,3,1,3,3,1,1,3,3,,9,3,,
636,4,2,4,2,1,10,1,1,1,2,1,9,4,9,9,10
638,2,2,3,8,1,2,2,3,3,3,2,9,,,,9
639,3,2,5,8,2,3,,3,3,3,2,,,,,8
640,2,2,3,1,2,3,3,2,2,3,2,,9,8,,8
641,5,1,2,2,1,1,,3,3,3,3,,,,,
642,2,2,4,8,2,1,4,2,2,3,3,,6,8,,
644,6,2,4,2,1,10,3,3,1,2,1,,,8,8,8
645,5,2,5,3,2,4,4,3,1,2,3,,,8,9,
646,4,1,5,8,2,3,3,2,2,3,1,,6,5,,8
647,3,1,4,5,1,20,2,2,2,2,2,8,6,5,7,6
648,6,2,2,2,2,8,1,1,3,1,1,6,6,,8,7
650,3,2,3,1,1,4,,,1,,1,,,8,,8
653,4,2,5,8,2,3,3,3,3,1,3,,,,3,
654,6,2,3,2,2,2,1,1,1,1,2,9,7,8,9,7
655,3,2,4,8,2,5,3,2,2,2,2,,4,4,7,5
656,6,2,3,2,1,4,,,1,,,,,9,,
657,6,2,6,2,3,8,1,1,1,,1,5,3,2,,5
658,6,2,3,3,2,1,2,2,3,3,2,9,9,,,9
659,2,2,4,8,1,11,1,,1,,1,10,,6,,10
660,5,2,4,8,2,5,2,3,1,2,1,7,,7,8,8
662,6,2,3,3,2,10,,1,1,1,1,,7,8,8,8
663,6,2,3,5,2,15,3,3,1,1,1,,,5,7,7
664,6,2,4,8,2,2,3,3,1,3,2,,,4,,5
665,4,1,5,5,2,5,3,1,1,4,2,,6,6,,6
666,5,2,2,3,2,6,3,1,3,1,3,,5,,9,
667,4,2,4,4,2,5,1,1,2,2,1,8,5,5,8,8
668,3,2,5,5,2,2,2,3,2,1,3,7,,7,9,
671,2,2,3,3,2,4,,1,1,,1,,5,4,,5
672,2,2,4,1,1,4,3,1,1,2,1,,7,2,6,7
673,4,2,3,2,2,1,3,3,1,3,3,,,5,,
675,2,1,3,6,1,10,3,1,1,3,1,,5,4,,10
677,2,2,3,8,1,1,3,3,3,1,2,,,,8,7
678,6,2,3,2,2,8,,1,,,,,6,,,
681,3,2,2,2,2,3,2,2,1,2,1,9,9,9,8,9
683,2,1,4,2,1,3,3,3,2,1,2,,,3,8,5
684,3,2,4,2,2,2,3,3,2,1,3,,,7,8,
685,4,1,5,8,2,8,,,1,,1,,,7,,8
686,2,2,3,3,2,7,,,,1,1,,,,10,7
687,4,2,3,3,2,10,2,2,1,2,1,4,3,9,7,8
688,6,2,5,2,1,14,2,1,1,1,1,8,9,7,8,8
690,6,1,4,2,2,6,1,1,,,1,8,8,,,8
695,2,1,3,5,1,4,3,2,1,3,2,,8,9,,3
696,2,2,2,2,2,16,2,1,1,1,3,6,4,2,6,
697,2,2,3,4,1,4,3,3,2,1,3,,,8,10,
698,4,2,2,2,2,10,3,1,1,1,2,,5,7,8,7
699,5,2,3,4,2,6,2,1,1,1,1,4,7,5,9,9
700,2,2,2,3,1,3,2,2,2,1,3,6,6,4,10,
703,2,2,4,3,2,4,4,1,1,1,3,,6,6,5,
704,3,2,5,4,2,6,4,1,1,1,2,,10,10,10,7
707,4,2,5,4,2,2,3,2,3,3,3,,8,,,
708,3,2,4,4,2,12,3,1,1,1,3,,8,9,9,
709,6,1,3,2,2,3,1,2,1,3,3,7,6,7,,
711,2,2,3,5,1,10,3,1,3,1,1,,7,,8,7
712,6,2,5,3,2,4,1,2,1,3,3,5,5,8,,
713,2,2,4,1,1,8,3,1,1,2,3,,6,7,7,
715,3,2,4,1,1,4,3,2,1,2,1,,6,7,5,7
718,6,2,4,5,2,8,1,2,2,1,1,7,7,7,9,8
719,3,1,4,3,1,20,3,3,3,3,1,,,,,7
720,3,2,4,3,1,2,1,1,1,1,1,8,5,7,8,7
727,4,2,3,2,1,16,,,1,,1,,,7,,9
728,4,2,4,3,2,1,3,3,3,3,2,,,,,7
729,3,2,4,2,1,7,3,2,3,2,3,,10,,10,
731,6,1,5,2,1,10,,1,1,,,,8,3,,
732,6,2,4,7,2,4,2,3,1,3,2,10,,10,,10
734,6,1,2,3,2,6,1,2,1,1,3,8,8,7,9,
735,4,2,3,2,1,6,3,2,1,3,3,,4,7,,
738,3,2,4,2,1,3,3,2,,3,3,,8,,,
739,6,2,2,1,1,2,3,3,3,1,3,,,,9,
740,4,2,2,8,2,8,1,1,1,1,1,10,7,5,10,9
741,3,2,3,2,1,10,2,1,1,1,1,9,10,7,9,9
742,5,2,5,3,1,12,2,2,1,2,2,3,9,8,9,7
743,4,2,4,8,1,15,1,1,1,3,1,7,6,10,,10
744,6,2,3,1,2,7,2,1,2,1,2,7,8,6,9,9
747,5,1,4,2,1,5,3,3,3,3,1,,,,,7
748,2,2,4,4,1,2,,3,2,3,2,,,8,,8
749,3,2,3,3,2,13,2,1,1,3,1,7,7,8,,8
755,2,2,4,2,2,3,1,2,3,1,2,8,7,,9,8
756,5,2,5,3,2,4,3,1,1,3,2,,8,6,,7
757,2,2,3,8,1,1,3,3,1,2,3,,,8,8,
758,3,2,3,8,2,3,1,3,2,2,3,5,,5,8,
759,6,2,3,1,1,5,,,1,1,,,,7,10,
761,2,2,3,1,1,4,2,3,1,2,3,5,,5,5,
763,3,1,4,3,2,4,4,1,1,1,1,,7,8,8,7
764,5,2,2,8,2,5,3,2,1,2,3,,8,8,8,
765,3,2,5,1,1,15,3,1,1,1,1,,4,7,2,8
766,2,2,4,1,1,6,1,3,3,2,2,8,,,7,6
767,2,2,2,3,2,25,1,1,1,,1,6,6,6,,6
769,3,2,3,2,1,3,3,3,3,1,3,,,,9,
770,3,1,4,3,2,2,2,3,2,3,2,4,,5,,5
771,4,2,5,4,1,1,2,3,1,3,3,6,,6,,
772,4,2,4,3,1,4,,,1,1,,,,8,10,
774,2,2,2,8,1,2,4,1,2,2,2,,6,5,7,7
775,2,1,3,3,1,1,3,2,2,3,2,,7,7,,7
777,3,2,3,1,2,4,1,1,2,1,3,10,5,10,8,
778,6,2,3,5,2,6,3,3,2,1,1,,,8,8,8
779,4,2,3,2,2,8,3,1,2,2,3,,8,5,9,
780,2,2,3,1,1,8,,1,1,,1,,8,7,,9
781,6,2,4,5,2,6,3,2,1,1,4,,4,2,6,
782,2,2,4,3,2,5,1,2,2,1,2,8,6,6,7,7
785,6,2,2,1,1,4,3,1,1,3,3,,9,9,,
793,4,2,4,5,2,6,3,1,1,3,1,,7,7,,8
794,2,2,4,8,2,6,2,2,1,1,3,8,7,5,9,
795,3,2,4,2,2,7,3,1,1,1,1,,9,7,7,8
796,2,2,3,3,1,15,3,2,1,1,1,,6,7,6,8
797,6,2,4,5,2,3,4,3,2,1,3,,,6,8,
798,3,2,3,8,1,4,2,2,2,2,1,10,4,10,9,9
799,6,2,3,1,1,5,1,,1,,1,10,,1,,9
800,3,1,5,8,2,1,,,,,,,,,,
801,5,2,3,2,2,4,3,1,1,2,3,,10,8,9,
802,6,2,4,3,2,6,1,3,1,3,1,6,,5,,7
803,5,2,3,4,2,8,1,1,2,1,1,8,4,2,9,4
804,3,1,3,2,2,3,3,3,1,1,3,,,6,8,
805,3,2,4,2,1,6,2,2,1,1,2,7,4,4,7,5
807,3,2,3,3,2,5,1,1,1,,1,8,8,7,,8
808,6,1,3,1,1,2,3,2,1,3,3,,9,9,,
810,5,2,2,4,2,10,1,2,1,1,1,7,6,5,9,9
811,2,2,3,8,1,8,3,3,3,2,1,,,,7,8
812,6,2,2,2,1,12,1,2,1,1,3,8,7,7,4,
813,2,2,4,4,2,15,3,1,1,2,1,,9,8,10,10
814,5,2,3,3,1,2,3,3,1,,3,,,3,,
816,3,2,3,2,2,4,2,1,1,1,1,7,3,8,5,6
817,3,2,4,3,2,1,3,3,3,3,3,,,,,
819,6,2,2,2,2,1,1,1,1,3,1,9,6,5,,10
820,5,2,4,2,1,2,1,3,1,3,2,8,,8,,9
821,3,2,2,8,1,3,,,,3,2,,,,,7
823,3,2,4,2,2,6,3,1,1,2,1,,8,7,6,9
824,6,2,4,2,2,3,,,1,,,,,4,,
826,2,2,2,8,1,15,,1,1,1,1,,8,7,6,7
827,5,2,3,3,2,3,3,3,2,2,2,,,5,6,5
829,2,2,4,5,1,3,3,3,1,2,1,,,6,6,7
831,2,2,3,2,1,2,3,2,1,1,3,,8,7,9,
832,4,2,5,2,1,2,,,1,1,,,,5,6,
833,3,2,3,1,2,10,1,1,3,3,1,9,8,,,9
834,4,2,3,2,1,5,3,2,1,3,3,,6,9,,
835,2,2,4,2,2,5,3,1,1,1,3,,5,8,9,
836,2,2,3,3,1,5,3,2,3,1,3,,4,,10,
838,6,1,2,4,2,2,4,2,1,2,1,,5,6,6,10
839,2,2,4,2,1,12,2,1,1,2,2,5,6,2,3,3
840,2,1,3,1,1,3,3,2,1,3,2,,7,10,,7
841,3,2,4,2,1,5,1,1,1,3,1,7,7,7,,7
842,5,2,4,5,2,8,1,1,1,1,1,7,7,7,9,7
843,6,2,2,3,2,15,2,1,1,3,1,4,7,3,,7
844,3,2,3,3,2,30,1,1,4,1,4,9,6,,9,
845,2,2,3,1,1,56,2,2,1,1,2,4,5,7,10,10
846,4,2,4,5,2,5,,,1,,,,,7,,
847,3,2,4,2,2,2,1,3,3,3,1,7,,,,9
848,4,2,3,3,2,8,,1,1,1,1,,10,10,10,10
849,2,2,4,3,1,8,3,3,2,,3,,,7,,
850,3,2,5,8,2,3,,1,1,1,,,8,7,9,
851,2,2,4,3,2,15,1,1,1,2,2,8,6,5,7,4
852,6,2,6,8,2,4,3,1,1,1,3,,5,5,10,
853,2,2,4,2,1,15,1,1,1,1,,9,5,7,8,
854,4,1,5,3,1,5,,1,1,,,,9,9,,
855,4,2,4,3,2,6,4,3,1,3,1,,,6,,9
856,4,2,5,5,1,3,3,3,2,3,2,,,8,,8
857,4,2,3,3,2,5,,,1,,,,,5,,
858,3,2,4,3,1,4,3,1,1,1,1,,7,7,8,8
859,2,2,3,1,2,3,2,1,2,2,2,8,8,8,9,8
860,6,2,4,3,2,15,1,3,1,1,1,8,,7,9,9
863,3,1,4,3,2,8,4,1,3,1,4,,7,,8,
865,5,2,4,3,2,4,3,1,2,2,2,,5,5,8,8
869,5,1,3,4,2,5,3,3,1,1,1,,,8,9,9
870,4,2,3,2,2,10,,1,1,,1,,9,9,,9
871,6,2,4,3,1,16,1,1,1,2,1,7,7,5,5,5
873,6,1,4,4,2,3,3,3,3,2,3,,,,7,
875,4,2,2,1,2,4,2,1,1,1,3,9,7,7,9,
876,2,2,3,3,1,10,3,3,2,2,1,,,7,6,7
877,4,2,4,2,2,5,1,1,1,1,1,8,8,8,8,8
879,3,2,4,6,2,8,2,2,2,2,1,6,5,5,6,8
880,5,2,3,3,2,10,,,1,,1,,,7,,6
881,6,2,3,5,2,1,,,,,,,,,,
882,2,2,3,3,1,5,1,3,1,3,2,5,,2,,6
883,2,2,3,1,1,1,3,2,2,3,2,,8,4,,8
884,4,2,3,3,2,6,2,1,3,1,2,9,9,,10,8
885,3,1,5,3,2,10,1,1,1,1,1,6,6,6,6,6
886,6,2,3,1,2,1,3,3,1,1,2,,,7,9,8
887,4,2,3,4,2,2,3,3,1,3,1,,,10,,10
888,4,2,5,3,2,6,3,2,1,3,1,,6,8,,5
889,6,2,3,5,2,8,,1,1,,1,,7,10,,2
891,6,1,3,4,2,5,1,2,1,1,3,9,8,7,8,
892,2,2,2,2,1,3,,,1,,,,,7,,
893,3,2,3,2,2,4,4,3,1,3,2,,,1,,10
894,3,2,3,3,2,2,2,2,2,1,1,6,5,5,7,7
895,2,2,4,2,2,3,3,3,1,3,2,,,6,,7
898,4,1,5,2,2,10,1,1,1,2,2,7,6,2,7,5
899,6,2,4,8,1,2,,,1,,,,,7,,
900,4,2,5,3,2,3,3,2,2,2,3,,7,3,7,
901,2,2,2,2,1,2,2,2,2,2,1,8,8,7,8,8
902,4,2,3,2,2,10,1,2,1,4,1,9,2,4,,8
903,2,2,3,8,1,2,2,1,2,2,3,10,9,9,9,
904,4,2,5,3,2,20,2,1,1,2,1,4,8,5,4,9
906,6,2,4,4,2,2,3,3,2,1,3,,,8,10,
907,3,2,3,2,1,3,3,3,3,1,2,,,,7,7
908,3,2,2,7,2,15,1,,1,,1,5,,3,,5
909,4,2,5,8,2,3,3,3,1,1,1,,,3,7,8
910,4,1,2,2,2,10,1,1,1,1,2,7,7,5,7,8
911,2,1,2,4,1,4,,1,2,1,1,,9,7,8,8
912,3,1,5,2,1,6,,,1,,,,,7,,
914,6,2,5,3,2,8,4,1,1,1,4,,5,5,10,
915,3,2,4,5,2,2,1,3,2,3,3,8,,8,,
916,6,1,5,8,1,5,,1,,3,1,,7,,,9
919,3,2,4,1,1,15,2,1,1,2,1,8,7,6,10,7
922,4,2,4,2,2,1,2,3,3,2,1,5,,,7,8
923,5,2,4,3,2,6,3,3,1,1,2,,,6,6,6
925,6,1,4,3,2,15,1,1,3,1,1,9,10,,10,10
933,5,2,2,2,1,6,,2,,,,,8,,,
934,3,2,4,2,1,25,3,1,1,1,2,,9,8,10,8
935,6,1,3,1,2,4,,,,,,,,,,
937,6,1,4,2,2,3,3,1,1,3,1,,6,5,,6
938,2,2,3,3,1,5,3,3,1,3,4,,,8,,
939,4,2,5,8,2,6,1,1,1,3,1,7,7,6,,8
940,6,1,5,5,2,2,2,1,1,2,2,6,6,6,6,6
943,2,2,4,2,2,7,1,1,1,,1,5,9,7,,9
944,6,2,3,4,2,6,1,1,1,1,1,8,7,9,7,10
945,5,2,5,8,2,4,3,1,3,3,3,,6,,,
946,3,2,4,3,1,2,3,3,1,2,1,,,6,4,6
947,3,1,3,2,2,2,3,,2,3,3,,,8,,
948,3,2,4,5,2,10,1,1,3,1,1,9,8,,10,9
949,5,2,3,4,2,12,1,2,1,2,3,7,6,6,6,
951,6,2,4,3,2,4,1,,,1,1,9,,,10,8
952,2,1,5,3,2,3,,,,,,,,,,
953,3,1,5,4,1,4,3,1,2,2,1,,7,5,7,7
956,6,2,2,2,2,3,3,3,3,3,1,,,,,9
957,3,2,4,2,2,10,1,,1,1,1,9,,8,9,8
958,4,2,4,3,1,20,1,3,1,1,1,3,,3,4,3
959,3,2,4,3,2,5,,1,1,,,,6,7,,
960,5,2,4,2,2,14,1,2,1,,,4,5,6,,
961,6,2,3,5,2,10,2,2,1,2,2,8,8,8,9,9
962,6,2,4,4,1,4,3,3,3,2,1,,,,8,7
963,4,1,3,2,2,5,1,1,1,2,2,8,8,8,8,8
964,3,2,3,3,1,5,1,3,1,1,2,9,,7,7,8
965,5,2,4,4,2,8,3,2,1,1,3,,8,8,8,
966,4,2,2,4,2,16,1,1,1,1,1,8,7,3,9,10
967,4,2,2,2,2,8,2,1,1,2,2,10,8,8,10,8
968,6,2,5,3,2,33,1,1,1,1,1,5,5,2,8,8
969,3,2,5,5,2,4,2,1,2,1,1,7,6,6,6,7
970,6,2,2,2,2,2,3,3,4,1,3,,,,10,
971,2,2,4,2,1,20,1,1,1,1,,7,8,9,10,
972,5,2,3,1,1,20,3,3,1,2,3,,,7,6,
974,2,2,1,2,1,2,4,1,1,4,1,,9,9,,9
975,3,2,4,8,2,5,3,1,3,1,1,,8,,8,8
976,5,2,4,1,1,2,,1,1,,4,,9,9,,
977,3,2,2,8,2,4,,,1,1,,,,10,10,
978,3,2,3,1,2,1,,1,1,3,3,,5,2,,
980,6,2,2,2,2,6,3,1,3,2,2,,8,,8,8
981,6,2,3,1,1,4,3,2,3,2,2,,5,,7,3
982,3,2,4,2,2,8,2,1,1,3,1,7,7,7,,8
983,2,2,3,3,1,3,1,1,3,1,3,7,10,,10,
984,4,2,3,5,2,1,3,1,3,2,3,,7,,7,
985,3,2,5,2,2,10,1,2,1,1,1,8,6,5,8,9
986,5,2,5,3,2,1,,,1,,,,,5,,
987,3,2,3,4,2,10,2,1,1,1,1,10,10,10,10,10
988,5,2,3,3,2,7,1,,1,,,8,,9,,
989,2,2,5,4,2,4,2,1,2,1,2,8,9,8,10,8
990,4,2,3,2,2,7,2,1,2,1,1,8,8,8,8,8
991,5,2,4,8,2,4,2,1,2,2,3,8,9,4,8,
993,6,2,2,2,2,2,1,1,2,2,2,10,9,8,8,6
994,5,2,2,2,2,6,1,2,1,3,1,10,8,10,,10
995,3,1,4,3,2,8,,,1,,1,,,8,,8
996,3,2,4,4,2,8,3,2,2,3,3,,6,7,,
997,3,2,4,2,2,10,3,2,1,1,1,,8,8,9,8
998,6,2,1,2,2,6,4,3,2,1,3,,,9,10,
999,4,2,3,2,1,3,,,1,,,,,8,,
"1,000",4,2,3,2,2,4,2,2,1,2,3,6,9,9,10,
"1,001",2,2,4,1,2,5,1,1,1,1,1,9,9,7,10,9
"1,002",2,1,2,8,1,2,,,,,,,,,,
"1,003",5,2,4,1,2,2,,,,1,1,,,,7,6
"1,005",2,2,2,2,2,15,3,1,1,1,2,,10,10,10,7
"1,006",3,2,2,2,2,8,3,1,1,1,3,,8,8,8,
"1,008",4,1,3,2,2,7,3,1,1,3,3,,6,6,,
"1,010",6,2,2,3,2,10,1,2,1,1,2,8,7,8,8,8
"1,011",4,2,4,2,2,4,1,1,3,3,1,7,8,,,7
"1,012",3,2,3,3,2,12,3,3,1,3,2,,,10,,5
"1,013",6,2,4,3,2,2,3,3,3,2,3,,,,7,
"1,015",3,2,5,3,1,7,3,3,1,1,3,,,7,9,
"1,016",2,2,3,2,1,4,4,2,1,3,1,,7,4,,9
"1,017",2,2,4,2,1,12,2,2,1,1,2,7,6,6,7,7
"1,018",6,2,3,1,1,4,3,3,1,3,1,,,5,,3
"1,020",6,2,4,4,2,5,1,3,3,1,2,7,,,8,6
"1,021",2,2,3,1,1,10,,,1,,,,,7,,
"1,022",4,1,3,3,2,5,2,3,1,1,1,6,,7,8,6
"1,023",3,1,4,2,2,1,4,3,3,3,1,,,,,6
"1,026",4,2,2,3,2,6,1,3,3,2,1,8,,,8,8
"1,027",3,2,2,3,2,3,2,3,2,1,3,6,,5,7,
"1,028",2,2,4,3,2,12,3,1,1,2,3,,8,7,6,
"1,029",3,1,4,4,2,2,1,3,3,3,1,7,,,,8
"1,031",5,2,5,4,2,3,3,2,3,1,2,,7,,8,7
"1,033",4,2,3,2,2,6,2,1,1,2,1,7,6,8,6,8
"1,034",6,2,2,2,2,6,3,2,3,2,2,,10,,10,10
"1,036",2,2,3,2,2,5,2,3,1,2,1,6,,4,7,7
"1,038",4,2,2,1,2,12,3,1,2,1,3,,8,7,8,
"1,039",4,1,4,3,1,1,,,1,,,,,4,,
"1,040",2,2,3,2,2,7,2,1,2,2,2,6,6,6,6,6
"1,041",6,2,3,1,1,12,2,2,1,3,2,6,7,7,,7
"1,042",5,2,3,2,2,3,3,2,1,4,2,,7,7,,7
"1,044",3,1,2,2,1,25,1,1,1,1,1,7,7,7,7,7
"1,045",4,2,3,3,2,3,1,2,3,1,2,2,5,,8,6
"1,046",4,2,4,5,2,25,1,1,1,1,1,7,1,7,8,8
"1,047",5,2,5,3,2,8,,2,1,1,3,,7,6,9,
"1,048",6,1,4,4,2,6,1,3,1,1,3,7,,4,7,
"1,049",4,1,4,4,2,12,1,1,1,2,1,10,10,10,10,10
"1,050",5,2,2,1,2,6,1,,1,1,,10,,10,10,
"1,052",6,2,5,2,1,2,2,3,2,3,2,8,,8,,8
"1,053",3,2,4,2,2,12,2,1,2,1,1,9,10,9,10,9
"1,055",4,2,3,2,2,2,3,3,3,1,3,,,,9,
"1,056",3,2,5,4,2,25,1,1,1,3,3,3,8,9,,
"1,058",6,2,5,8,1,1,3,2,1,3,3,,7,7,,
"1,060",4,2,3,4,2,6,,1,1,,,,8,7,,
"1,061",4,2,3,1,2,3,1,3,1,1,,8,,8,8,
"1,064",6,2,4,5,2,2,3,3,3,1,3,,,,8,
"1,065",6,2,4,5,2,4,,,,,,,,,,
"1,066",3,2,3,3,2,6,2,2,1,2,2,8,9,7,9,9
"1,068",4,2,5,4,1,1,,3,3,4,2,,,,,7
"1,069",3,2,3,8,2,4,3,3,2,2,2,,,5,5,8
"1,070",4,2,3,4,2,10,2,2,1,1,1,4,9,5,7,5
"1,072",6,1,4,3,1,10,3,2,1,1,1,,6,7,6,9
"1,074",6,2,2,3,2,4,3,1,1,1,1,,9,10,9,7
"1,075",5,2,4,1,1,2,,,,,,,,,,
"1,076",3,2,4,3,1,6,3,2,2,1,1,,7,5,9,7
"1,078",2,2,3,3,1,15,,,,1,,,,,8,
"1,081",6,1,2,8,1,10,2,1,1,1,2,6,5,5,6,5
"1,082",5,2,3,3,2,6,2,1,1,2,1,7,3,7,7,7
"1,083",5,2,5,7,2,10,3,3,1,1,1,,,5,6,7
"1,084",6,2,3,2,1,4,3,1,1,1,3,,5,5,6,
"1,085",4,2,3,2,2,8,1,3,1,2,1,5,,9,8,9
"1,087",4,1,2,4,1,10,1,,,,1,8,,,,9
"1,088",5,2,3,3,2,3,2,2,2,1,3,8,6,3,7,
"1,089",5,1,3,8,1,10,1,1,1,1,1,9,1,7,5,7
"1,090",5,2,4,2,1,20,,1,1,,1,,9,9,,9
"1,091",5,2,2,4,2,4,4,1,3,2,2,,5,,5,10
"1,092",6,2,2,3,2,7,,1,,1,,,8,,10,
"1,093",2,1,3,8,1,4,3,3,1,2,3,,,10,9,
"1,094",6,2,2,1,1,5,1,1,1,1,1,9,7,6,9,7
"1,095",2,2,4,1,2,4,3,3,1,1,2,,,5,8,4
"1,096",5,2,2,4,2,6,1,3,1,1,1,9,,8,9,8
"1,097",3,2,2,2,1,10,1,2,1,2,1,4,6,8,5,8
"1,098",2,2,4,3,1,4,3,3,1,2,3,,,7,7,
"1,099",2,2,3,1,2,10,,,1,,1,,,9,,7
"1,100",6,2,5,8,2,10,1,1,1,1,1,8,6,8,9,9
"1,101",3,2,2,4,2,8,,1,,1,,,6,,8,
"1,102",6,2,4,4,2,12,,,1,1,1,,,4,7,7
"1,104",2,1,4,2,1,6,2,1,1,1,2,5,9,7,8,9
"1,105",2,2,3,1,1,2,3,3,1,2,3,,,8,9,
"1,106",3,2,3,2,2,10,1,,1,1,,3,,3,10,
"1,107",2,1,5,3,2,15,2,1,2,1,2,5,6,8,10,5
"1,108",5,2,4,3,1,10,1,2,1,3,1,5,4,5,,5
"1,109",4,2,4,4,2,1,4,2,2,3,2,,7,8,,8
"1,110",3,2,4,3,1,10,,1,1,1,,,7,8,9,
"1,111",2,2,2,8,1,4,3,3,2,3,3,,,6,,
"1,112",6,2,4,8,2,6,1,1,1,3,1,9,9,9,,9
"1,113",3,1,3,3,2,8,2,3,1,2,1,7,,3,5,2
"1,116",4,2,3,5,2,8,3,1,3,3,1,,9,,,9
"1,117",6,2,3,7,2,1,3,1,3,3,3,,6,,,
"1,118",3,2,3,2,1,2,1,3,1,3,2,8,,7,,7
"1,121",5,2,3,3,2,1,3,3,1,2,3,,,6,8,
"1,122",6,1,4,1,1,5,3,3,1,3,2,,,8,,9
"1,124",2,2,3,8,1,14,2,1,2,,1,5,8,2,,7
"1,125",3,2,4,5,2,12,2,3,1,1,1,5,,7,9,8
"1,128",4,2,4,2,2,3,2,3,4,1,2,6,,,7,7
"1,129",6,2,4,5,2,4,4,2,1,3,1,,7,6,,8
"1,130",3,2,3,4,2,4,1,2,1,1,3,8,7,7,7,
"1,133",5,2,4,5,2,1,4,3,3,3,3,,,,,
"1,135",6,2,5,2,1,10,1,3,1,3,1,9,,6,,7
"1,136",4,2,3,3,2,5,3,3,1,1,2,,,7,9,7
"1,137",3,2,4,3,2,4,1,1,3,2,3,7,6,,4,
"1,138",6,1,4,3,1,10,1,1,1,2,1,6,8,10,10,10
"1,139",2,1,3,2,2,5,,1,4,3,2,,8,,,5
"1,141",2,2,3,2,1,4,2,3,1,1,1,6,,4,7,8
"1,142",4,2,3,2,2,10,2,1,1,1,2,7,5,7,8,8
"1,143",3,2,3,1,2,10,1,3,1,1,2,9,,9,8,7
"1,144",6,2,4,2,1,4,3,1,1,2,3,,8,4,8,
"1,145",3,2,2,2,1,6,3,1,1,2,2,,6,6,7,8
"1,146",3,2,3,3,1,5,3,1,1,1,2,,7,5,6,5
"1,147",3,2,3,1,1,6,3,1,1,3,3,,8,8,,
"1,148",5,1,4,3,1,4,3,3,1,2,2,,,7,8,7
"1,149",3,2,5,2,1,10,2,,,1,1,5,,,8,7
"1,150",3,2,5,3,2,10,3,2,1,1,2,,8,8,9,8
"1,151",3,1,3,2,2,12,3,1,1,3,2,,9,6,,6
"1,152",4,2,4,4,2,6,2,2,2,3,3,8,7,9,,
"1,154",3,1,4,2,2,5,1,2,1,2,2,9,4,5,8,9
"1,155",4,2,2,4,2,2,3,1,2,1,1,,9,3,10,8
"1,156",5,1,3,5,2,6,2,1,1,3,2,9,4,4,,8
"1,157",4,1,3,1,1,4,4,3,1,3,3,,,7,,
"1,158",6,1,2,1,1,20,2,1,1,3,2,8,10,10,,6
"1,159",4,2,3,4,2,7,3,3,2,1,1,,,8,10,9
"1,160",4,2,3,3,2,4,3,2,1,1,2,,6,8,8,8
"1,161",5,2,4,1,1,2,4,2,2,1,1,,7,6,7,7
"1,162",5,1,4,3,2,10,3,3,1,2,2,,,8,8,7
"1,166",3,2,2,2,1,2,3,3,1,2,3,,,5,5,
"1,169",6,2,4,3,2,2,3,1,3,3,3,,5,,,
"1,170",4,1,4,4,2,2,3,2,3,1,1,,4,,7,6
"1,171",4,2,4,2,1,6,4,3,3,3,1,,,,,8
"1,173",5,2,4,3,2,4,2,3,3,3,3,7,,,,
"1,175",6,2,3,3,2,4,3,3,1,2,3,,,8,8,
"1,176",3,2,5,2,1,2,3,3,3,2,3,,,,7,
"1,177",4,1,3,2,2,4,3,1,1,2,2,,7,7,10,9
"1,178",3,2,4,3,2,10,2,2,1,1,1,6,10,6,10,10
"1,179",3,2,5,8,1,5,3,3,3,1,3,,,,7,
"1,180",5,2,4,5,2,5,1,2,1,3,2,10,8,8,,8
"1,181",3,2,4,2,1,16,,,,1,1,,,,8,9
"1,185",2,2,5,8,1,15,3,,,,,,,,,
"1,186",4,2,3,3,2,4,1,,,,,7,,,,
"1,187",5,1,4,3,1,4,2,1,1,1,3,8,8,4,4,
"1,188",6,1,5,5,2,4,,,1,,,,,5,,
"1,192",3,2,3,5,2,6,2,1,1,2,2,9,10,6,10,9
"1,194",5,2,4,5,2,4,3,1,3,3,2,,7,,,7
"1,195",2,2,5,3,2,11,1,3,1,2,1,7,,5,4,7
"1,198",5,2,4,3,2,12,1,3,1,3,1,10,,9,,8
"1,200",2,1,4,2,1,13,3,1,3,1,1,,5,,7,8
"1,202",5,2,5,5,2,5,,,,,,,,,,
"1,204",4,2,3,2,1,10,,,1,,1,,,5,,8
"1,205",4,2,3,4,2,15,1,1,1,4,1,8,7,9,,9
"1,206",5,2,4,3,2,10,1,3,1,1,2,10,,5,1,7
"1,207",4,1,3,3,3,10,1,1,1,2,1,7,6,6,7,7
"1,208",4,2,4,3,2,2,,,1,,,,,5,,
"1,209",2,2,3,1,2,2,2,1,2,3,3,9,10,9,,
"1,211",6,2,2,1,1,3,3,3,2,3,1,,,2,,8
"1,212",4,1,3,3,2,12,3,1,1,1,1,,7,7,6,9
"1,213",2,2,2,3,2,2,2,3,3,1,2,7,,,10,8
"1,214",5,2,4,4,2,3,3,3,1,1,1,,,9,9,9
"1,215",3,2,3,3,2,6,3,2,1,3,3,,9,9,,
"1,217",4,1,5,2,1,5,1,1,1,2,2,6,6,5,5,6
"1,218",6,2,2,4,2,1,2,3,3,3,3,7,,,,
"1,220",3,2,3,4,2,2,3,2,2,1,3,,7,7,8,
"1,223",3,2,4,5,2,10,2,2,2,1,1,8,6,7,8,7
"1,224",3,2,3,2,2,5,1,3,1,1,3,8,,9,8,
"1,225",5,2,3,3,2,4,2,1,1,3,1,10,7,9,,10
"1,227",6,2,3,2,1,18,2,2,1,2,1,9,6,4,6,5
"1,228",2,2,3,1,2,20,3,2,2,1,1,,9,9,6,10
"1,231",6,2,4,2,1,10,3,1,1,2,1,,7,10,10,10
"1,232",5,2,2,2,2,4,3,1,1,2,1,,6,6,6,6
"1,233",4,2,3,8,3,2,,,1,,,,,7,,
"1,235",5,2,4,3,2,4,,,,,1,,,,,8
"1,237",6,2,3,1,1,1,3,2,2,3,3,,7,7,,
"1,238",5,1,2,3,1,3,3,1,3,2,3,,8,,9,
"1,240",3,2,3,2,2,5,3,1,2,2,1,,7,5,9,9
"1,241",5,1,4,4,2,20,1,1,1,1,1,8,9,9,9,9
"1,243",4,2,4,6,2,4,3,2,1,1,2,,3,2,6,3
"1,245",3,2,2,3,2,4,2,2,1,3,2,8,8,7,,6
"1,247",6,2,5,4,2,10,1,1,1,1,1,8,7,7,10,7
"1,248",2,1,2,4,1,4,4,1,1,1,3,,8,9,4,
"1,250",4,2,3,3,2,5,1,1,1,1,3,9,7,8,7,
"1,252",5,2,3,2,1,20,2,2,1,3,2,7,1,7,,7
"1,253",3,2,4,3,2,5,2,3,2,2,1,9,,9,9,10
"1,254",5,2,3,3,2,15,2,2,1,2,2,8,7,8,8,10
"1,255",3,2,3,2,1,4,3,1,1,,2,,6,6,,8
"1,256",5,2,4,2,2,12,1,2,1,1,2,10,5,8,7,6
"1,257",2,2,4,3,2,1,,,,,,,,,,
"1,259",3,2,5,2,1,1,3,3,1,3,3,,,4,,
"1,261",4,2,2,3,2,6,3,2,3,1,1,,5,,7,5
"1,262",5,2,4,8,1,10,,2,1,1,1,,7,8,9,9
"1,264",2,1,3,2,1,8,,1,,1,,,8,,9,
"1,265",2,2,3,3,1,4,2,3,1,2,1,9,,8,8,9
"1,267",3,1,5,2,2,11,,,1,2,,,,7,10,
"1,268",2,2,3,3,1,20,1,1,1,1,2,9,7,7,9,8
"1,269",2,2,3,8,1,5,2,2,2,1,3,8,6,6,8,
"1,271",3,2,3,3,2,24,2,2,1,2,1,3,7,6,5,10
"1,272",5,2,4,3,2,12,1,1,1,,1,9,8,6,,9
"1,275",2,1,3,8,1,10,2,1,2,1,3,9,6,5,8,
"1,279",4,2,2,1,1,8,2,1,1,1,1,6,10,10,10,7
"1,282",6,2,3,2,2,5,,2,1,3,1,,8,8,,9
"1,284",5,2,2,2,2,20,4,1,1,1,2,,4,7,6,7
"1,285",6,2,5,2,2,4,3,3,1,3,3,,,7,,
"1,287",4,1,5,4,2,8,1,2,1,1,2,5,7,8,8,8
"1,288",3,2,4,3,2,10,1,1,1,2,2,7,9,4,7,9
"1,293",5,2,4,3,2,6,3,1,1,2,3,,7,5,7,
"1,295",3,2,2,1,2,2,2,2,1,2,1,7,8,6,8,9
"1,297",6,1,4,4,2,5,,,1,,,,,8,,
"1,300",5,2,5,6,2,9,3,2,3,3,3,,3,,,
"1,302",2,2,3,1,2,4,1,,1,1,1,7,,5,9,8
"1,303",2,1,3,1,1,8,2,1,1,2,1,8,3,7,7,9
"1,306",6,2,5,4,2,3,3,3,1,1,3,,,4,8,
"1,308",2,2,3,1,1,6,,1,1,1,,,2,9,7,
"1,309",2,2,5,2,2,10,1,1,1,2,1,9,9,8,10,10
"1,312",3,1,4,8,1,4,3,1,1,3,2,,5,5,,5
"1,314",4,2,3,3,2,3,,2,1,,1,,5,5,,8
"1,315",2,2,3,6,1,5,3,3,1,3,3,,,3,,
"1,317",5,2,3,2,2,12,1,3,1,1,2,7,,7,8,7
"1,319",6,1,4,3,2,10,,1,1,,1,,5,8,,8
"1,321",2,1,3,8,1,8,3,2,1,3,3,,4,6,,
"1,322",3,1,4,2,1,6,,1,1,1,,,7,7,8,
"1,324",5,2,2,4,1,8,,,1,2,2,,,4,4,7
"1,325",3,1,1,1,1,2,3,1,2,3,3,,8,7,,
"1,326",6,2,3,4,2,2,1,3,3,3,3,3,,,,
"1,329",4,2,3,3,2,8,2,2,1,1,1,8,5,5,10,9
"1,330",2,2,3,4,1,4,3,3,1,2,3,,,7,5,
"1,331",5,2,2,4,2,6,,,,,,,,,,
"1,332",6,2,3,4,2,12,,1,1,,,,8,8,,
"1,335",2,2,3,8,2,5,,1,1,,1,,5,5,,1
"1,336",5,2,4,4,2,10,1,1,1,1,2,8,4,7,6,6
"1,337",2,2,3,3,1,4,,,1,,,,,3,,
"1,339",6,2,3,3,2,5,2,1,1,1,2,7,9,8,10,8
"1,341",2,2,4,5,1,5,,3,1,1,4,,,6,7,
"1,343",2,2,3,1,1,8,2,1,1,1,2,9,8,9,9,7
"1,344",6,1,3,4,2,6,3,2,2,2,2,,10,10,10,10
"1,345",5,2,3,3,2,10,1,1,1,,,9,10,7,,
"1,347",2,2,2,1,1,6,,,1,,1,,,4,,10
"1,351",3,2,4,5,2,1,3,3,3,3,3,,,,,
"1,353",3,2,4,4,2,3,2,2,2,2,1,5,5,5,5,5
"1,354",6,2,3,4,2,25,1,3,2,1,1,9,,3,8,5
"1,356",6,2,3,3,2,4,,,1,1,,,,6,10,
"1,357",5,2,4,3,2,10,,1,1,1,2,,7,7,7,7
"1,359",5,2,5,6,1,10,,,1,,,,,4,,
"1,366",4,2,5,2,1,6,,,,,1,,,,,10
"1,373",5,2,5,3,2,20,,1,1,,1,,7,8,,7
"2,766",2,2,2,1,1,9,2,,2,2,2,8,,1,3,6
"2,767",2,2,3,2,1,8,3,2,3,1,1,,7,,9,10
"2,768",2,2,2,2,2,4,3,1,1,3,3,,9,7,,
"2,772",2,1,3,4,1,15,1,1,1,1,2,8,7,7,8,9
"2,773",2,1,2,3,2,4,3,3,2,3,3,,,7,,
"2,774",2,1,3,2,1,12,3,1,1,1,1,,6,9,8,10
"2,775",2,1,2,1,3,3,2,3,1,3,3,8,,8,,
"2,776",2,1,3,6,1,5,2,1,2,1,3,6,7,6,8,
"2,777",5,1,3,2,1,12,3,1,1,3,2,,8,8,,8
"2,778",2,1,2,2,1,2,3,4,3,1,1,,,,8,6
"2,781",2,1,3,1,1,6,,,,1,1,,,,7,7
"2,782",5,1,3,8,2,5,2,2,2,1,1,8,7,7,7,9
"2,783",4,1,5,5,1,1,3,1,1,2,2,,8,6,8,8
"2,784",2,1,2,1,1,2,,1,,,,,9,,,
"2,785",2,1,2,5,1,3,4,2,2,1,2,,7,7,8,7
"2,786",4,1,3,1,1,2,3,3,1,3,3,,,7,,
"2,787",4,1,5,3,1,1,3,3,3,3,3,,,,,
"2,788",4,1,3,1,1,3,,1,,1,,,5,,7,
"2,789",4,1,4,3,2,1,4,3,3,1,3,,,,8,
"2,790",5,1,5,2,1,20,1,1,1,2,1,7,8,6,8,9
"2,793",4,1,5,6,2,45,1,1,1,1,1,5,4,7,3,5
"2,794",2,1,3,3,1,6,,1,,,,,5,,,
"2,796",5,1,3,4,2,5,,,1,,1,,,7,,10
"2,797",2,1,3,5,1,4,2,1,1,2,3,9,8,8,9,
"2,798",2,1,3,1,1,5,2,1,2,2,3,9,8,8,5,
"2,799",4,1,3,2,1,30,1,1,2,1,1,8,5,3,5,9
"2,800",6,1,2,2,1,12,3,3,1,2,2,,,5,5,5
"2,802",4,1,3,4,2,10,3,3,3,1,1,,,,10,6
"2,803",5,1,5,3,1,12,3,1,1,2,3,,8,8,5,
"2,804",3,1,4,3,1,10,2,1,1,1,1,8,8,8,8,8
"2,805",6,1,5,1,1,4,3,1,2,3,2,,8,8,,8
"2,806",5,1,2,3,1,80,3,1,1,3,1,,8,8,,8
"2,807",5,1,4,2,2,3,,1,,,1,,8,,,8
"2,808",4,1,3,2,2,15,1,1,1,1,1,5,5,9,6,5
"2,809",4,1,3,4,2,11,1,2,1,3,2,6,6,6,,5
"2,810",6,1,5,5,2,8,1,1,1,1,1,8,9,4,6,7
"2,811",2,1,3,1,1,10,3,1,1,1,1,,9,7,9,7
"2,812",2,1,1,1,1,10,4,1,1,2,1,,10,10,9,7
"2,813",2,1,3,4,1,3,,1,,,,,8,,,
"2,814",2,1,4,2,1,20,1,1,3,2,1,8,8,,8,10
"2,816",2,1,3,5,1,7,2,1,3,2,2,7,7,,4,5
"2,817",2,1,2,1,1,5,3,2,1,1,3,,4,7,7,
"2,819",6,1,4,6,2,12,1,3,1,1,3,6,,7,7,
"2,820",3,1,4,6,1,8,,1,1,,1,,10,4,,8
"2,821",6,1,5,2,1,4,,1,,,,,6,,,
"2,822",6,1,4,3,1,16,3,1,1,1,3,,6,6,7,
"2,823",3,1,4,2,1,20,1,1,1,1,1,9,9,9,10,10
"2,825",6,1,5,4,2,5,1,1,1,3,2,7,7,8,,7
"2,827",3,1,4,2,1,5,1,1,1,3,1,9,3,7,,8
"2,828",4,1,3,2,2,6,2,1,1,1,2,5,3,9,6,4
"2,829",6,1,2,2,1,10,3,2,1,1,1,,9,9,10,10
"2,830",3,1,5,8,2,4,3,2,2,1,1,,3,3,9,9
"2,831",2,1,3,8,1,10,1,1,,,,9,3,,,
"2,834",5,1,3,8,1,5,3,3,1,4,3,,,4,,
"2,835",6,1,4,5,2,4,2,2,1,1,1,6,5,8,8,6
"2,836",3,1,5,2,1,6,,1,1,,1,,7,6,,7
"2,837",4,1,4,4,1,20,3,1,1,2,1,,8,6,7,7
"2,840",3,1,5,3,2,28,2,1,,1,2,7,8,,8,7
"2,841",4,1,4,2,1,8,2,3,1,1,1,1,,1,6,6
"2,842",2,1,3,8,1,20,,,1,,1,,,9,,9
"2,843",3,1,4,8,1,16,1,1,,,1,7,9,,,7
"2,844",2,1,3,6,1,10,2,,3,1,2,7,,,9,6
"2,846",6,1,4,2,1,5,3,2,1,1,2,,6,5,8,7
"2,848",2,1,3,5,1,30,1,,1,1,1,3,,2,9,4
"2,849",6,1,3,3,1,2,1,2,3,3,1,8,4,,,9
"2,850",2,1,3,8,1,8,2,2,1,1,1,6,7,2,7,7
"2,851",2,1,3,2,1,3,1,1,2,2,2,9,7,6,7,8
"2,852",6,1,4,5,2,6,3,2,1,3,1,,8,8,,7
"2,854",4,1,2,2,2,12,,1,,,1,,4,,,6
"2,855",2,1,3,1,1,10,4,2,1,1,3,,8,7,9,
"2,858",2,1,3,2,1,5,,3,,,,,,,,
"2,859",5,1,3,3,2,3,,1,1,,1,,7,5,,9
"2,860",2,1,4,8,1,15,1,1,1,2,2,7,8,8,7,6
"2,863",3,1,3,2,2,5,,1,1,3,2,,8,9,,7
"2,864",3,1,4,3,1,10,3,2,2,1,1,,6,4,6,9
"2,865",2,1,2,2,1,4,3,2,1,3,3,,9,9,,
"2,866",2,1,1,1,1,2,,2,1,3,1,,9,8,,9
"2,867",5,1,4,3,2,3,3,2,1,2,3,,7,8,9,
"2,868",5,1,3,2,2,5,3,2,1,2,1,,7,7,8,7
"2,869",2,1,4,1,1,2,1,3,3,2,3,9,,,6,
"2,871",5,1,2,4,2,6,4,3,2,2,3,,,7,9,
"2,872",2,1,4,8,1,16,2,1,2,2,2,7,8,4,6,7
"2,873",6,1,4,3,2,16,,1,1,,2,,8,7,,8
"2,874",3,1,3,3,2,20,1,,1,,,10,,10,,
"2,875",3,1,3,2,2,2,2,2,1,1,2,8,8,8,8,8
"2,878",4,1,4,3,2,15,1,1,1,1,,9,4,4,7,
"2,880",4,1,5,4,2,2,2,2,1,1,2,5,7,8,8,6
"2,881",6,1,1,1,1,4,2,3,2,1,3,5,,3,10,
"2,884",2,1,2,3,2,6,1,3,1,1,2,8,,7,6,7
"2,885",4,1,5,3,2,10,,2,2,1,1,,7,9,8,6
"2,886",2,1,2,1,1,5,,1,1,,1,,6,6,,8
"2,887",6,1,3,6,2,6,1,1,1,1,3,5,7,5,4,
"2,888",4,1,4,1,1,7,,1,1,,,,9,9,,
"2,889",3,1,1,2,2,10,,,1,,1,,,10,,2
"2,890",2,1,4,1,1,7,,1,1,3,1,,6,10,,5
"2,892",2,1,3,1,1,3,,1,1,,,,8,7,,
"2,893",2,1,2,2,1,6,3,2,3,2,1,,5,,7,8
"2,894",6,1,3,2,1,15,,,1,,1,,,9,,9
"2,895",2,1,3,8,1,7,3,2,2,1,1,,6,6,9,7
"2,896",5,1,3,1,1,1,1,3,3,3,1,7,,,,10
"2,897",4,1,3,2,2,6,3,3,1,3,2,,,8,,10
"2,898",3,1,5,3,2,15,1,1,1,1,,8,4,7,7,
"2,899",2,1,4,2,1,3,2,1,3,2,3,7,6,,5,
"2,901",6,1,5,3,2,15,1,1,1,3,1,10,10,8,,10
"2,902",4,1,4,2,2,12,1,1,1,1,1,6,4,6,6,7
"2,907",5,1,3,3,1,8,4,1,1,2,3,,7,7,7,
"2,908",3,1,3,2,2,20,1,1,1,1,3,7,4,8,9,
"2,909",2,1,3,1,2,5,2,1,1,1,2,5,7,7,9,6
"2,910",4,1,5,8,2,4,,1,1,3,1,,8,5,,7
"2,911",6,1,4,2,2,3,1,1,2,3,3,10,10,8,,
"2,913",5,1,5,3,2,8,1,1,2,2,1,2,5,2,2,8
"2,916",2,1,4,5,1,15,1,2,1,2,2,5,7,4,10,9
"2,918",5,1,4,2,2,7,,1,1,,,,10,2,,
"2,919",2,1,1,8,1,15,2,2,1,1,2,10,9,8,10,10
"2,922",2,1,4,3,1,5,2,1,1,1,1,7,7,6,10,6
"2,923",4,1,4,1,1,6,,1,1,4,3,,9,9,,
"2,924",2,1,3,2,1,6,,1,1,4,1,,9,9,,9
"2,925",6,1,4,3,1,12,3,1,1,3,1,,6,7,,8
"2,926",4,1,2,3,1,6,,,,,1,,,,,5
"2,927",2,1,5,3,1,4,,,1,,,,,8,,
"2,928",5,1,5,4,2,18,3,2,1,2,1,,9,8,9,9
"2,930",3,1,3,3,2,4,3,3,3,1,3,,,,2,
"2,931",5,1,5,5,2,3,,1,,,1,,7,,,7
"2,933",5,1,4,4,2,15,3,1,1,1,2,,7,9,7,9
"2,934",4,1,3,3,2,3,,2,,,2,,3,,,10
"2,935",3,1,3,5,2,20,3,3,1,2,1,,,9,10,10
"2,936",2,1,2,2,2,3,,,,1,1,,,,9,9
"2,937",2,1,3,2,1,3,2,2,1,1,2,7,6,4,9,6
"2,938",4,1,4,3,1,20,2,2,3,1,1,5,5,,7,6
"2,939",6,1,3,2,2,25,3,3,1,1,1,,,8,9,9
"2,940",5,1,5,4,2,5,3,3,1,3,3,,,4,,
"2,944",2,1,4,2,2,1,3,3,3,3,3,,,,,
"2,945",3,1,3,2,1,2,3,1,1,2,3,,6,4,6,
"2,946",3,1,3,4,2,2,,,,,,,,,,
"2,947",6,1,2,2,1,4,1,1,1,2,1,7,7,7,7,7
"2,948",3,1,3,2,2,7,1,1,1,,1,5,8,8,,7
"2,949",6,1,2,4,2,2,,,,,,,,,,
"2,951",4,1,4,4,2,3,3,1,1,2,1,,7,8,8,8
"2,952",5,1,3,3,2,10,1,1,2,1,1,7,7,4,7,7
"2,953",4,1,4,3,2,12,1,1,1,,1,7,7,4,,7
"2,954",5,1,3,2,2,2,3,2,2,3,2,,7,5,,8
"2,955",5,1,6,8,3,1,3,3,2,2,3,,,6,9,
"2,958",4,1,5,5,2,5,3,1,1,1,1,,6,2,7,9
"2,959",5,1,4,7,2,6,3,1,1,2,1,,6,6,7,6
"2,960",4,1,4,4,2,20,2,2,1,1,1,5,4,4,4,9
"2,962",3,1,3,2,1,3,,,,,,,,,,
"2,963",6,1,3,4,2,4,1,,,1,,5,,,8,
"2,965",4,1,4,2,1,3,1,,,1,,9,,,9,
"2,966",6,1,4,3,2,5,1,,,,1,5,,,,4
"2,967",4,1,4,2,1,8,,,1,,,,,7,,
"2,969",2,1,3,2,1,16,,1,1,,1,,5,5,,7
"2,971",6,1,5,4,2,15,3,1,1,3,2,,6,6,,7
"2,972",3,1,3,2,2,3,1,3,1,1,2,8,,8,8,8
"2,973",3,1,5,3,1,6,1,1,2,1,1,8,8,8,9,9
"2,975",4,1,4,2,2,1,3,3,2,2,3,,,7,7,
"2,976",4,1,4,2,1,20,1,1,1,1,1,4,5,6,9,4
"2,977",6,1,4,2,1,8,3,1,1,1,1,,9,9,8,8
"2,978",6,1,5,2,1,1,1,3,2,2,2,10,,8,1,9
"2,980",2,1,4,3,2,6,,2,1,1,2,,7,8,7,7
"2,983",5,1,3,2,2,10,1,,,1,1,5,,,7,5
"2,984",6,1,3,3,2,10,1,1,1,1,1,8,8,8,9,9
"2,985",3,1,3,2,1,6,3,1,1,2,1,,7,8,6,7
"2,987",3,1,2,2,2,15,1,1,1,1,1,9,9,9,10,9
"2,988",4,1,4,3,2,3,3,3,3,1,3,,,,9,
"2,989",3,1,4,5,2,15,,1,1,,,,8,9,,
"2,990",4,1,3,2,2,2,,,,,,,,,,
"2,991",6,1,5,4,2,5,,,1,,,,,8,,
"2,993",6,1,4,4,2,5,3,1,1,1,2,,9,9,10,4
"2,994",4,1,4,4,1,16,1,1,1,1,1,6,6,6,6,6
"2,995",3,1,4,3,2,8,,,1,,,,,8,,
"2,996",6,1,5,4,2,8,1,1,1,1,1,9,9,9,10,8
"2,997",6,1,4,7,2,10,2,1,1,2,1,8,10,10,8,10
"2,998",3,1,4,3,2,8,,1,1,1,,,7,8,9,
"2,999",3,1,2,2,2,4,1,1,1,3,2,8,8,6,,8
"3,002",5,1,3,1,1,20,2,1,1,3,1,10,10,10,,10
"3,005",3,1,4,2,2,8,3,2,1,3,1,,4,8,,6
"3,006",4,1,4,8,1,7,3,2,1,3,1,,7,8,,8
"3,009",4,1,4,3,2,15,2,1,1,1,1,9,9,9,9,9
"3,012",6,1,4,4,2,10,1,2,2,1,1,7,6,8,9,8
"3,016",2,1,2,2,2,4,,1,1,1,1,,4,4,5,4
"3,017",6,1,4,2,2,2,,1,,,,,9,,,
"3,018",4,1,4,3,2,6,2,1,1,1,2,8,8,9,9,8
"3,020",3,1,3,3,1,12,1,1,2,3,3,10,10,10,,
"3,021",5,1,3,2,1,4,,,1,,1,,,6,,6
"3,025",6,1,4,4,2,3,3,2,1,3,3,,6,7,,
"3,026",4,1,5,3,2,10,1,2,2,3,1,9,8,3,,10
"3,028",6,1,4,3,2,8,2,2,1,2,2,7,7,7,8,7
"3,030",2,1,2,2,1,5,3,1,2,2,1,,9,4,8,9
"3,031",3,1,4,3,2,15,2,1,1,1,1,9,9,10,9,9
"3,032",2,1,3,8,1,12,3,2,1,,1,,7,7,,10
"3,034",6,1,5,3,1,1,3,3,2,3,3,,,4,,
"3,036",3,1,5,5,2,10,1,3,1,1,,8,,6,9,
"3,037",4,1,3,2,2,6,3,2,3,1,3,,10,,10,
"3,038",5,1,5,4,2,4,,,1,,,,,8,,
"3,040",5,1,5,5,2,10,,1,1,2,,,8,7,8,
"3,042",4,1,3,3,2,6,3,1,1,1,2,,7,8,9,7
"3,043",2,1,4,3,1,5,3,1,2,2,1,,8,8,8,8
"3,050",2,1,3,2,2,15,3,1,1,1,2,,10,10,10,10
"3,051",5,1,4,4,1,2,3,1,1,3,2,,10,8,,7
"3,052",5,1,4,5,2,6,2,1,1,1,1,5,7,6,7,8
"3,053",4,1,3,2,2,10,3,3,1,1,2,,,10,10,10
"3,057",4,1,2,2,1,25,2,1,1,1,1,7,7,7,7,7
"3,059",2,1,3,2,1,3,,1,,,,,8,,,
"3,062",4,1,4,3,2,8,3,3,3,1,2,,,,9,6
"3,063",3,1,4,3,2,4,3,3,1,2,1,,,8,8,8
"3,064",3,1,3,3,1,20,1,1,1,1,1,7,2,7,7,8
"3,065",6,1,2,2,2,10,4,3,3,4,1,,,,,6
"3,066",4,1,4,4,2,5,,,,,,,,,,
"3,068",5,1,5,4,1,8,3,2,2,3,3,,9,8,,
"3,069",4,1,3,2,1,8,3,1,1,3,3,,6,4,,
"3,073",5,1,3,4,2,1,3,2,1,3,2,,10,8,,10
"3,075",3,1,4,3,1,2,4,3,3,2,1,,,,6,5
"3,079",5,1,5,3,2,6,,1,2,,1,,6,5,,8
"3,085",5,1,4,2,1,14,1,2,2,1,1,8,8,9,9,10
"3,086",2,1,3,2,1,4,3,2,1,1,1,,8,8,8,8
"3,088",4,1,4,1,1,6,3,1,1,3,1,,8,8,,5
"3,090",6,1,4,4,2,8,3,1,2,3,3,,5,3,,
"3,092",5,1,2,2,2,10,,,1,,1,,,1,,4
"3,094",6,1,4,4,2,4,3,1,1,1,1,,7,7,7,7
"3,095",3,1,3,2,2,3,,1,1,,,,5,7,,
"3,096",4,1,3,4,2,10,1,1,1,1,1,9,7,7,8,7
"3,098",4,1,4,3,2,10,3,1,3,1,3,,8,,10,
"3,099",6,1,3,3,2,6,2,1,1,1,3,7,8,3,8,
"3,100",4,1,2,3,2,10,1,,,1,,7,,,7,
"3,102",4,1,5,4,2,6,1,1,1,1,2,8,7,8,9,8
"3,103",6,1,3,3,2,8,,,1,,1,,,8,,7
"3,104",3,1,2,3,2,7,1,1,1,1,1,9,10,9,9,10
"3,106",3,1,3,1,2,6,3,3,2,1,1,,,7,10,8
"3,108",5,1,3,2,1,10,1,1,1,,1,8,7,7,,8
"3,109",3,1,4,3,2,8,3,2,1,1,1,,5,6,9,7
"3,110",6,1,5,3,2,10,1,2,1,,1,6,4,10,,10
"3,111",6,1,4,4,2,12,1,1,1,1,1,7,5,8,9,6
"3,112",6,1,2,3,2,10,,,1,,1,,,4,,9
"3,115",2,1,2,3,1,10,3,1,1,1,1,,5,7,10,5
"3,117",4,1,5,3,1,7,3,1,3,1,1,,4,,8,9
"3,124",3,1,4,5,2,9,3,2,2,3,1,,4,3,,5
"3,125",3,1,4,3,2,1,2,3,3,1,3,7,,,7,
"3,126",2,1,4,3,1,6,2,2,1,2,2,9,9,9,9,9
"3,127",2,1,3,1,1,1,1,3,1,1,3,9,,9,10,
"3,132",6,1,2,2,2,6,3,1,1,3,3,,7,8,,
"3,133",3,1,2,1,2,9,1,2,1,1,1,9,5,8,10,1
"3,144",4,1,4,4,2,25,1,1,1,1,1,9,10,10,10,10
"3,145",4,1,4,5,2,10,3,3,1,1,1,,,3,5,9
"3,146",5,1,4,4,2,12,3,1,1,3,1,,7,6,,8
"3,148",2,1,2,1,1,14,1,2,1,2,3,7,3,5,5,
"3,150",3,1,4,2,2,6,2,1,1,3,1,6,6,6,,8
"3,157",3,1,5,4,1,12,,,1,,,,,7,,
"3,158",6,1,4,4,2,12,1,,1,,1,4,,4,,6
"3,159",4,1,4,2,2,8,3,1,1,1,2,,8,7,9,8
"3,162",3,1,5,3,1,14,2,1,1,2,1,7,7,7,7,8
"3,163",6,1,5,3,1,20,1,1,1,1,1,8,7,8,8,7
"3,164",5,1,3,6,2,4,4,1,1,2,1,,9,10,9,9
"3,165",3,1,3,2,2,2,2,1,1,3,1,7,8,6,,8
"3,166",6,1,3,3,2,3,3,2,1,1,2,,7,9,6,8
"3,167",3,1,5,3,1,10,1,3,1,1,2,6,,3,10,6
"3,168",4,1,4,2,1,12,1,2,1,3,1,9,5,6,,9
"3,169",6,1,3,5,2,5,3,1,1,3,1,,8,6,,9
"3,170",6,1,5,5,2,1,3,2,1,2,1,,7,8,8,7
"3,171",4,1,4,3,2,6,3,3,3,1,2,,,,8,5
"3,172",6,1,3,3,2,4,3,1,1,3,1,,5,3,,9
"3,173",5,1,2,2,2,5,1,,,,1,10,,,,10
"3,175",6,1,4,2,1,2,3,3,2,3,3,,,6,,
"3,176",6,1,4,4,2,2,3,3,3,3,1,,,,,6
"3,180",6,1,4,4,2,5,,2,1,2,1,,6,6,6,6
"3,182",6,1,4,5,2,4,,,,,1,,,,,8
"3,185",6,1,4,1,1,2,1,3,2,2,1,8,,8,9,8
"3,188",4,1,4,3,2,10,1,1,1,,1,10,10,10,,10
"3,190",6,1,2,1,2,4,,1,1,,,,10,9,,
"3,193",5,1,4,5,2,5,,1,,,,,8,,,
"3,194",3,1,4,3,1,5,3,1,1,2,3,,7,4,6,
"3,195",4,1,4,4,2,23,1,1,1,1,1,9,10,10,10,9
"3,196",6,1,3,3,1,3,3,3,1,1,2,,,9,10,8
"3,197",4,1,5,5,2,7,4,2,2,2,1,,7,7,7,6
"3,200",4,1,4,3,2,20,2,1,1,1,1,7,7,6,10,8
"3,205",2,1,3,3,1,12,2,1,1,1,2,4,6,7,9,7
"3,206",5,1,2,2,1,20,1,2,1,1,2,8,7,8,7,7
"3,208",3,1,3,4,2,5,2,1,2,2,3,7,7,5,7,
"3,209",6,1,3,3,2,3,1,4,2,3,3,7,,5,,
"3,210",2,1,3,2,1,14,3,1,1,1,1,,6,5,9,8
"3,211",6,1,4,3,2,12,3,1,1,1,1,,5,2,9,6
"3,213",4,1,4,2,1,3,,,,1,1,,,,10,10
"3,215",4,1,2,4,2,6,3,1,1,1,2,,6,8,10,8
"3,216",5,1,5,3,2,5,,2,1,1,3,,7,4,9,
"3,217",6,1,5,4,2,4,1,1,2,3,3,9,7,6,,
"3,219",6,1,4,2,1,1,3,2,1,1,3,,6,8,7,
"3,221",3,1,4,5,1,3,,,1,,,,,8,,
"3,222",3,1,3,4,2,6,3,2,1,1,2,,8,8,9,6
"3,223",5,1,4,5,2,5,1,1,1,3,1,7,3,7,,5
"3,224",6,1,5,3,2,12,1,2,1,2,1,8,4,7,8,9
"3,226",6,1,3,4,2,3,3,3,2,3,1,,,6,,9
"3,228",6,1,4,4,2,2,3,1,2,3,3,,6,4,,
"3,229",4,1,3,2,2,2,,,,,,,,,,
"3,230",5,1,2,3,2,3,1,1,1,,,8,7,4,,
"3,231",3,1,3,4,2,12,,1,1,,,,8,7,,
"3,232",4,1,4,4,2,7,2,3,2,4,2,9,,7,,9
"3,234",6,1,4,4,2,4,3,3,2,1,3,,,4,8,
"3,235",4,1,3,3,2,2,3,2,2,2,2,,7,7,9,7
"3,237",5,1,2,3,2,12,3,2,1,2,1,,6,9,9,9
"3,238",5,1,5,3,2,8,4,2,1,3,1,,6,7,,9
"3,240",3,1,4,2,2,18,3,3,1,1,1,,,10,8,9
"3,243",6,1,3,3,2,6,,,,,1,,,,,8
"3,244",4,1,4,3,2,7,,1,1,,1,,6,4,,8
"3,251",5,1,5,8,2,20,1,1,1,1,1,8,8,1,7,8
"3,252",4,1,3,2,2,4,,1,1,,,,5,4,,
"3,253",3,1,4,4,1,12,1,3,1,1,3,8,,7,8,
"3,254",4,1,5,5,2,20,1,1,1,1,2,10,10,10,10,10
"3,255",4,1,4,2,1,10,,,,,1,,,,,8
"3,256",5,1,3,3,2,6,4,1,2,3,1,,7,6,,7
"3,257",5,1,3,4,2,10,1,1,1,3,1,5,7,6,,8
"3,259",5,1,2,2,2,4,3,1,3,3,1,,10,,,10
"3,260",2,1,3,1,1,4,2,2,1,1,1,10,10,10,10,10
"3,262",5,1,2,2,1,12,,,,1,,,,,5,
"3,263",2,1,2,3,2,10,4,1,3,1,2,,9,,8,7
"3,264",5,1,3,3,2,10,1,1,1,1,1,8,8,8,10,9
"3,265",4,1,3,3,2,10,3,1,3,1,2,,8,,5,8
"3,266",6,1,2,1,2,2,,,1,,,,,7,,
"3,267",4,1,5,3,1,15,1,1,1,2,1,8,7,3,2,6
"3,268",3,1,4,3,2,8,2,2,1,1,1,7,7,9,8,9
"3,269",5,1,5,3,2,8,1,1,1,1,1,8,6,7,4,7
"3,270",3,1,5,1,1,5,3,2,3,1,2,,5,,8,5
"3,273",4,1,3,8,2,4,4,2,1,3,3,,5,5,,
"3,274",4,1,4,2,2,10,,1,,1,1,,6,,10,7
"3,275",6,1,4,5,2,8,3,1,1,1,3,,6,5,8,
"3,276",6,1,5,2,2,6,,,1,,,,,5,,
"3,279",4,1,5,3,2,9,,,1,1,1,,,10,8,9
"3,281",6,1,4,5,2,8,3,1,3,2,1,,8,,8,8
"3,283",3,1,3,2,1,12,3,1,1,1,1,,9,10,10,10
"3,285",3,1,4,5,2,6,,,2,1,,,,8,7,
"3,286",2,1,2,2,1,4,,1,1,1,1,,2,1,10,10
"3,288",3,1,4,5,1,2,4,1,2,4,2,,8,7,,8
"3,289",6,1,5,8,2,3,2,2,1,1,3,7,6,7,8,
"3,290",3,1,4,4,2,4,3,2,3,3,,,10,,,
"3,292",3,1,4,2,2,10,1,1,1,1,1,10,10,10,10,10
"3,296",4,1,3,4,2,6,3,2,1,3,1,,7,4,,9
"3,299",4,1,3,2,2,45,1,1,1,2,1,10,7,5,5,8
"3,300",5,1,4,2,1,2,,1,3,3,1,,7,,,8
"3,301",6,1,3,5,2,28,1,,1,1,1,10,,10,10,10
"3,302",2,1,3,2,1,10,4,2,3,1,3,,8,,9,
"3,303",4,1,3,2,2,20,2,1,1,1,1,8,7,8,9,9
"3,305",2,1,3,8,1,5,4,3,3,1,4,,,,8,
"3,306",4,1,5,5,2,5,3,3,1,1,3,,,6,7,
"3,307",6,1,2,2,2,30,1,2,1,1,1,5,4,8,6,2
"3,308",3,1,4,2,2,5,3,1,1,1,2,,8,5,8,5
"3,310",4,1,3,2,2,5,2,2,2,2,2,6,7,8,9,9
"3,311",3,1,4,2,2,5,1,2,1,1,1,9,9,9,8,8
"3,313",3,1,4,5,1,8,2,3,2,3,2,9,,5,,9
"3,314",3,1,5,3,1,4,,2,1,1,1,,5,8,10,8
"3,315",6,1,4,3,2,6,2,1,1,2,2,7,6,4,8,8
"3,316",3,1,4,4,2,20,1,1,1,1,,7,6,6,9,
"3,322",5,1,4,2,2,3,,,,,,,,,,
"3,324",3,1,4,4,2,9,2,1,1,,,9,8,8,,
"3,325",2,1,5,2,1,3,,,1,,,,,3,,
"3,328",6,1,5,4,2,12,2,2,2,2,1,8,8,8,8,8
"3,329",5,1,2,2,2,8,2,1,1,3,3,5,8,8,,
"3,330",5,1,3,3,2,5,2,2,1,1,3,7,3,8,5,
"3,333",3,1,4,5,2,1,4,3,1,1,3,,,7,6,
"3,334",6,1,2,3,2,8,2,2,1,2,1,7,7,7,8,10
"3,337",2,1,5,2,2,16,1,1,3,1,1,9,7,,9,7
"3,341",2,1,3,8,1,15,3,2,1,2,1,,7,7,8,9
"3,343",6,1,4,3,1,6,3,3,3,3,3,,,,,
"3,345",5,1,3,4,2,20,1,1,2,2,2,1,4,4,5,8
"3,347",6,1,4,2,2,4,1,2,1,2,2,10,9,9,10,9
"3,348",4,1,3,6,2,7,3,2,1,3,2,,5,8,,6
"3,351",5,1,4,4,2,4,3,2,1,3,1,,7,7,,8
"3,352",5,1,4,4,2,3,3,3,3,1,3,,,,7,
"3,354",6,1,3,2,2,6,3,1,1,3,1,,7,7,,7
"3,356",6,1,3,2,2,10,1,2,1,3,3,9,6,6,,
"3,358",3,1,4,3,2,4,,1,1,1,1,,3,9,7,10
"3,359",6,1,4,2,2,2,3,3,1,3,3,,,3,,
"3,360",3,1,2,3,1,10,3,1,1,3,1,,10,10,,10
"3,362",6,1,4,7,2,3,3,2,1,3,2,,8,7,,5
"3,367",6,1,5,5,2,10,4,3,2,1,1,,,7,9,9
"3,372",3,1,4,5,2,16,3,3,2,1,1,,,1,6,2
"3,380",4,1,2,2,1,12,1,1,1,1,1,5,6,9,5,7
"3,381",4,1,3,2,2,3,2,2,1,1,3,3,2,3,5,
"3,385",2,1,4,2,1,2,,,,,1,,,,,6
"3,386",6,1,3,3,2,8,1,1,1,1,3,9,9,4,9,
"3,387",2,1,4,2,1,2,,,1,,,,,6,,
"3,389",4,1,4,3,2,15,1,1,1,1,1,10,10,10,10,10
"3,393",3,1,4,4,2,18,,1,,1,,,10,,10,
"3,395",4,1,2,2,1,6,1,,1,1,1,7,,8,8,8
"3,396",2,1,4,3,1,6,3,1,2,3,1,,6,9,,9
"3,398",3,1,4,4,2,24,1,2,1,1,1,7,6,7,6,9
"3,400",4,1,4,2,1,15,1,1,1,2,1,8,6,5,7,7
"3,401",5,1,4,3,2,5,1,3,3,2,1,9,,,9,9
"3,402",5,1,4,2,2,4,3,1,1,3,1,,6,6,,6
"3,403",4,1,5,3,2,10,3,1,1,2,2,,7,7,8,8
"3,404",4,1,5,2,1,3,3,3,3,1,3,,,,4,
"3,405",5,1,5,5,2,8,3,3,1,1,3,,,6,9,
"3,407",2,1,3,4,1,5,3,3,1,1,2,,,5,9,4
"3,408",5,1,5,4,2,10,1,1,1,1,1,8,6,2,6,5
"3,409",6,1,3,3,2,12,2,1,1,1,1,9,8,9,8,8
"3,410",3,1,3,2,2,10,3,1,1,1,3,,10,10,10,
"3,412",2,1,3,3,1,9,,1,,1,1,,7,,8,9
"3,414",4,1,3,3,2,20,3,3,2,1,1,,,3,6,7
"3,416",5,1,3,3,2,12,,1,1,1,,,6,8,8,
"3,417",2,1,4,2,1,8,3,3,3,1,2,,,,9,8
"3,419",3,1,4,2,2,30,2,1,1,1,1,7,8,9,10,10
"3,422",4,1,3,2,2,5,1,1,1,2,2,7,6,6,7,8
"3,426",5,1,3,5,1,8,3,1,1,2,2,,9,8,7,9
"3,427",3,1,1,5,2,20,1,1,1,1,1,9,9,9,10,8
"3,428",3,1,2,3,2,8,3,1,1,2,1,,5,5,6,8
"3,430",3,1,3,2,2,5,2,2,2,2,2,6,6,6,6,6
"3,431",6,1,2,3,2,5,3,3,2,3,3,,,8,,
"3,432",6,1,1,2,2,10,3,3,1,3,4,,,7,,
"3,433",2,1,4,3,1,4,3,2,3,3,3,,6,,,
"3,434",3,1,3,2,1,10,,,1,,1,,,7,,7
"3,435",3,1,3,3,2,10,3,1,1,1,2,,7,8,9,3
"3,436",3,1,1,3,1,8,1,1,,,1,9,5,,,6
"3,437",4,1,3,2,2,2,2,1,1,2,1,6,6,7,7,8
"3,438",2,1,2,2,1,4,1,1,1,1,1,9,8,10,9,8
"3,439",4,1,3,2,2,4,1,,,,,8,,,,
"3,440",5,1,4,3,2,4,,,1,,,,,6,,
"3,441",4,1,2,8,2,5,4,4,3,1,,,,,7,
"3,442",6,1,5,2,1,1,3,3,3,2,3,,,,8,
"3,444",4,1,4,5,2,10,3,1,3,,3,,8,,,
"3,445",3,1,2,1,2,3,3,2,2,3,2,,8,6,,8
"3,446",2,1,2,1,2,15,,1,1,1,1,,10,10,10,10
"3,449",4,1,3,8,2,5,1,1,1,3,2,10,10,10,,6
"3,454",6,1,2,2,2,9,4,4,1,1,1,,,10,10,10
"3,466",4,1,4,4,2,8,3,2,2,3,1,,9,2,,10
"3,467",2,1,3,3,2,5,3,2,1,3,3,,6,9,,
"3,468",6,1,5,3,1,5,1,,1,,,8,,7,,
"3,469",4,1,5,5,2,1,,,1,,,,,7,,
"3,470",6,1,4,6,2,6,1,2,1,1,2,10,6,7,9,4
"3,472",5,1,4,3,2,9,3,1,3,1,1,,5,,9,7
"3,473",6,1,4,5,2,3,3,1,2,3,2,,6,5,,8
"3,474",4,1,5,2,1,4,,1,2,2,3,,8,2,6,
"3,475",6,1,3,3,2,2,3,3,3,2,3,,,,10,
"3,476",6,1,5,4,2,3,3,2,1,2,2,,6,7,6,6
"3,477",6,1,3,1,1,2,3,2,1,3,4,,6,6,,
"3,478",4,1,3,1,1,1,,1,,,,,7,,,
"3,480",5,1,5,5,2,20,1,3,1,1,1,7,,2,7,7
"3,481",3,1,2,3,2,10,,1,1,,1,,10,10,,10
"3,484",6,1,5,5,2,12,1,1,1,1,3,9,8,7,8,
"3,485",5,1,2,4,2,20,3,1,1,2,1,,10,10,5,10
"3,486",3,1,4,3,2,5,3,3,2,1,1,,,7,10,8
"3,487",6,1,3,3,2,5,3,2,1,3,1,,4,4,,10
"3,488",3,1,3,1,1,12,2,2,1,2,2,9,7,9,9,7
"3,489",3,1,4,3,2,25,3,1,1,2,1,,8,9,8,7
"3,490",2,1,3,2,2,8,1,3,1,3,2,9,,7,,9
"3,492",6,1,5,3,2,20,1,2,1,,1,4,4,4,,9
"3,493",6,1,4,4,2,3,4,1,1,2,3,,6,5,8,
"3,494",6,1,2,3,2,5,,1,1,1,1,,6,6,6,6
"3,495",2,1,2,2,1,5,3,1,2,1,1,,7,3,7,8
"3,496",5,1,5,3,2,5,3,1,1,2,2,,8,3,8,9
"3,497",6,1,3,3,1,2,2,1,3,3,,6,6,,,
"3,499",5,1,3,1,2,5,,1,1,2,,,6,4,3,
"3,503",5,1,4,4,2,10,2,1,1,1,1,10,7,8,8,9
"3,508",4,1,3,3,2,8,2,3,3,1,1,9,,,9,10
"3,510",3,1,3,3,2,15,3,1,3,1,1,,4,,6,5
"3,511",5,1,4,4,2,6,3,2,3,3,1,,5,,,5
"3,521",6,1,4,3,2,8,3,2,1,4,1,,8,8,,9
"3,524",2,1,2,2,1,6,1,3,1,1,2,2,,8,4,2
"3,525",5,1,5,3,2,12,2,1,1,1,1,7,8,5,7,6
"3,526",4,1,3,3,1,2,3,3,3,1,3,,,,7,
"3,527",3,1,3,3,2,5,3,2,1,1,3,,3,3,6,
"3,529",5,1,4,3,2,6,3,1,1,1,1,,6,5,6,8
